﻿col1,col2
负责人,项目名称
薛润坡,基于内生经济政策的经济发展理论与定量研究
张庆昭,高维异质图模型的若干重要问题研究
钟齐先,基于深度学习的生存数据分析
王中雷,复杂样本的稳健统计推断理论探索
方匡南,多源高维正例无标签数据的联邦学习方法及应用
冷旋,尾部强化的分位数回归方法及在风险管理中的应用
李迎星,数智驱动的资产收益率预测与投资组合优化：理论、算法与应用
耿森,手机过度使用干预机制设计与福利效应评估：社会比较视角
李梦玲,公共资源分配中的优先权制度与匹配机制：激励优化与市场设计
郭晔,供应链关联、银行信贷与货币政策实体经济效应研究
赵向琴,气候灾难冲击、生产-金融网络溢出和气候韧性提升路径研究
朱孟楠,地缘政治博弈与冲突加剧下的中国外汇储备有效管理：路径优化、机制重塑与风险管控
谢贞发,新增值税分成制度的财政激励效应及优化研究
朱炯,数农融合背景下企业联农带农机制的路径优化、风险防控与福利效应研究
董晓芳,极端气候事件下的城市空间结构研究：理论模型、实证分析和政策建议
岳阳,我国医疗服务可及性格局的形成机理与影响研究：基于多元数据的实证分析与政策模拟
陈继光,生鲜供应链中分级销售、库存管理与定价策略及减少食品损失的研究
陈瑞,浪漫关系的社会映射：延展的机制及其建构的消费表征
贾艳丽,人机协作中人工智能纠错策略有效性研究：基于社会认知理论和心理所有权理论双重视角
李常青,产业链链主企业ESG溢出效应的形式、机理与优化路径研究
林伯强,人工智能发展对能源低碳转型的中长期影响预测及其路径优化研究
叶军,AI顾客评论总结的影响和效能研究
宫晓云,公司侵犯消费者隐私行为研究
龚学平,特征驱动的动态定价策略：基于分层数据划分技术的低遗憾算法设计
侯佳男,国家创新战略下技术独特性在企业并购中的驱动作用及影响效应研究
李斯曼,AI技术扩散与企业空间边界延展：理论机理与实证检验
卢芳妹,我国复杂产品系统中的原始创新涌现路径及机制研究
宋琳甲,非结构化文本信息与债券信用风险预测研究：基于多维企业风险识别量化的视角
吴越,专利信息海外披露影响跨国并购绩效的机制研究：基于政治法律风险缓释与研发型人力资本协同
杨陞,“上位者”还是“下位者”？智慧旅游背景下人工智能社会角色对旅游产品推荐效果的影响研究
张学立,虚拟数字人在社交媒体营销中的影响效应与作用机制研究
张卓荦,C2B2C模式下消费电子产品以旧换新多产品动态定价与库存控制研究
马莉,张量大数据相依结构的统计建模与推断
江硕,基于机器学习的高维动态结构模型估计与政策模拟
王子畅,信息规避：公理化模型与实验
曾宪立,公平机器学习的统计分析与推断研究
朱周帆,大模型驱动的金融多模态数据分析及其在资产定价中的应用研究
Da Kang,Trend and Long Cycles: Econometric Theory and Applications
周玮,因果链图模型的统计学习方法及其应用
王灿入,高效算法驱动下超高维矩阵值参数多变点统计推断问题研究
王鸣晖,具有内部交易者的实物期权模型和实物期权博弈模型研究
陈羽莎,基于现时偏误的养老金决策研究：理论分析、实证检验与
程睿,基于时序语义增强与文本生成的可解释性金融市场风险预 测模型研究
任灵飞,基于联邦持续图学习的金融欺诈检测关键技术研究
熊杰,面向多模态舆情数据的群体对立动态监测与风险治理研究
李鑫,“数字城投”的长短期影响效应研究——基于城投公司成
陈鑫,从人机交互到虚实沉浸：AI服务机器人影响消费者体验的 特征、机制与策略研究
陈梓麟,外部冲击下风险传染路径与机制研究——基于竞争关联网 络的视角
张赞,生成式AI导购共情对消费者购买决策的多阶段影响机制研 究：基于自我概念理论视角
甘鸿武,人工智能冲击对家庭金融资产配置的影响：理论机制与实 证识别
雷雷,可持续信息多维智能测度及其对资源配置效率的影响机理 、路径识别与政策优化研究
刘炎周,增值税减税、创新激励与农业龙头企业高质量发展：机理 建模、量化评估及政策设计
王茹,教育公平如何促进代际向上流动：义务教育异地入学政策 对农村流动家庭的影响
杨岚,数字化扶农政策的收入分配效应：基于政策分布效应前沿 方法的分析
李子燃,环境规制、市场信号与企业跨期生产决策：理论机制、效 应评估与政策优化
潘宁宁,投资者信息行为与资产定价：基于广义信息茧房的视角
廖赛男,生产网络视角下贸易摩擦风险的传导与防范化解策略研究
金浩,绿色产业政策驱动下的低碳转型发展：企业响应、集团协 同与产业链溢出
罗宇,税务处罚不确定性与市场主体活力：内在机理、政策评估 与优化路径
夏一鸣,改善亲子与同伴关系对青少年心理健康的影响：基于随机 实地试验的追踪研究
谢听伶,结构不稳定情境下的股票收益率预测：理论与应用
陈骋,高维函数型时间序列聚类与协方差估计
盛大林,基于值函数表示的大学录取机制优化研究：理论拓展与实 证评估
林锐,基于广义典型相关估计的高维多层因子模型：理论及应用
张昭文,碳市场普惠建设的创新效应评估：多维测度、驱动机制与 政策优化
王冠宁,考虑个体脑功能特征的行人疏散动力学演化机理及建模研 究
秦土坤,政府采购数字化转型：理论逻辑、政策绩效与作用机理
郑海超,大模型驱动的人工预测市场设计及其应用示范
沈晏宇,数据-模型双驱动下多服务模式协同的需求响应公交系统优 化
廖治学,诱导信息作用下游客流汇聚-扩散机理及最优控制策略研究
李庆,融合多模态的跨市场金融风险智能分析与预警研究
施思,虚实融合旅游空间中多感官一致性形成机理、量化评估与 文化赋能效应
程豹,人机协同工作设计的概念测量、驱动机制、双刃剑效应及
冯晓静,空谈博弈在零售运营中的价值：采购议价、产品推介与生 成式AI应用
曾昌礼,会计师事务所激励机制对审计师离职行为的影响研究
宋博迁,考虑顾客多样化寻求行为的品类定价和选择优化研究
易阳,政府数字服务采购驱动政企协同数字化转型的研究
牛耕,社会信用环境对家庭消费和投资行为的影响研究:理论机 制与经验证据
余建宇,质量兴农战略下农业产业组织模式创新与联农带农机制研 究
贡布泽仁,放牧配额在草原畜牧业合作经营中的实践路径与作用机 制：权益理论的视角
陈彪,投贷保联动融资机制设计与科创企业投融资研究
邹红,空间供需适配下城市内服务供给可及性的消费效应研究
文书洋,绿色增长理论视角下转型金融风险的生成机制、动态演化 与政策平衡
孙阳,网络视角下的激励理论研究
刘忠,国家城乡融合发展试验区政策体系模式表征、效果评估和推广适配研究
寇纲,数智决策理论与方法
Soumen Banerjee,Mechanism Design Against Algorithmic Collusion: Deep Learning Validation
李四光,网红经济的产业形态、社会反智风险与数字治理风险研究
刘晓凤,多尺度视角下中国与东南亚绿色发展合作机制研究
徐悦,弥合数字鸿沟：人机混合团队中年长员工的工作重塑和干预策略研究
胡晨,社会责任驱动的公益营销：运营决策、竞争与合作机制研究
郭瑞,基于动态不一致风险偏好的股票收益率期限结构形成机制及影响研究
于艺凝,品牌自我调侃对消费者决策的影响：基于消费者品牌关系动态发展视角
杨丹,职场残障人士领导动机的结构维度、实现机制及其结果效应研究
计琼,多模态信息环境下的高维投资组合优化与动态风险控制研究
李佳原,“画”中有“话”：视觉信息熵对社交媒体平台中消费者感知及行为的影响机制研究
Lim King Yoong,"Modelling National Disaster Risks and GreenInnovaton,towards building an IntegratedFramework to enhance Diaster Resilience inthe Oil & Gas and Coalfields'BusinessEcosystem in China"
傅科,人工智能驱动的供应链创新设计研究
陈晨,从人机到人际：生成式人工智能使用对组织中人际互动的外溢效应
冯灏霖,基于患者异质性内生化建模的门诊调度优化研究
傅慧,基于生成式人工智能的创业机会涌现、验证和实现机制研究
黄腾,考虑国际气候政策风险和绿色升级的航空设备更新优化研究
梁剑平,不同人机协作模式对其生成产品的消费者采纳行为影响、心理机制和边界条件研究
卢锐,促进颠覆性技术创新的企业研发人员激励机制研究
宋海清,电商物流中运输计划与库存调配联合优化研究
汤艳丽,人工智能医疗产品定价策略研究
张鹏东,数据安全风险与公司财务行为：机理、后果及应对研究
赵俊雄,双重风险下制造业绿色转型风险管理及绿色政策协同研究
黄新飞,地缘政治风险对中国企业出口韧性的影响:宏观建模、微观机制与政策协调
杭静,我国劳动份额演变的长期趋势及其成因研究
康俊卿,交易信息披露对市场信息效率的作用机制及政策优化研究
刘彦初,基于大语言模型的我国期货和衍生品市场定价因子研究
聂海峰,基于生产网络的税制改革效应分析和税制完善研究
吴贾,儿童早期父母语言信息在人力资本积累中的作用机制与干预效应研究
杨扬,人工智能对人类合作行为的影响模式及内在作用机制研究
李倩,水源涵养生态保护项目对农户就业与收入的影响
黄晓明,基于智能体的顾客品牌关系识别、衡量及影响研究
王均颉,企业AI漂洗的动机与经济后果：基于多模态数据的研究
夏正豪,基于AI提升产品创新效率与效能的情境化管理机制研究
盖玲,物品尺寸待定的装箱问题优化算法与博弈机制研究
俞洁,基于出行感知精准测度的城市公共交通适老化设计优化
韩小雅,考虑消费者绿色预期行为的企业可持续决策与合作机制研究
霍良安,人工智能驱动的多模态融合网络舆情扩散机理与协同管控策略研究
周彦楠,全球隐含能源流动网络风险的空间演化及其传导机制
吴静娴,超大城市极端通勤充电动态需求预测与个性化充电服务优化研究
窦军,面向异构结核数据的多模态可解释性融合方法研究
刘心雨,基于乘客感知与行为解析的轨道交通接驳公交多模式运行优化
李理想,信息完备性视角下融合顾客参考行为的企业收益管理决策研究
严建海,基于多模态数据融合的高端装备剩余寿命预测和维修策略研究
朱陈强,新型混合交通环境下车辆换道机理及策略优化研究
石志钢,融合语义生成的暴力袭击事件风险监测方法与应急响应策略研究
刘晓慧,智慧养老背景下多模态共情交互与AI智能体适老化策略研究
张继红,ESG背景下基于员工与顾客关怀的企业行为决策和竞合策略研究
李倩,亚商管理者跨文化领导力研究:“文化情境—领导原型”适配视角
李思飞,气候风险信息披露与资本市场参与者决策研究
宋马林,两山理念视域下生态产品价值评估、实现路径与保障策略研究
周阳,人工智能能力与企业商业模式创新涌现、驱动与耦合嵌入
张冰,养老金三支柱的实际收入分配效应研究:基于静态与生命周期视角
郁培文,库存与定价管理
张旭梅,工业互联网平台供应链的生产能力优化配置与协同调度策略
张勇,社会比较视角下团队成员创造力比较对其随后创造力的影响研究
徐鸿雁,ESG供应链运作机制研究
李雪梅,考虑能源回弹的新能源汽车产业减污降碳协同效应研究:理论机制与政策优化
姚树洁,县域与城市经济高质量发展推动中国式现代化研究
刘定,异质性货币联盟中双支柱调控政策的协调配合研究
袁荣,元耦合视角下数字产业低碳发展驱动机制与实现路径研究
腾洪信,中国企业慈善决策的非正式制度动因及顾客反应研究:民俗文化和社会比较视角
王富荣,家庭在线联合决策机制及其多渠道促销策略优化研究--基于信息交互与偏好妥协视角
戴亮,劳动关系中监察机制与奖惩机制的联合设计
石锋,基于多维产业竞合结构的再生产品技术开发与认证机制研究
隋鹏飞,社交网络与投资者预期
佟世璐,考虑电商平台下竞争环境中的供应链金融及信息共享
张劲帆,净值化管理改革下的银行理财产品研究
张强,在线视频中的观众微体验洞察:基于多模态视频和瞬时数据的实证分析
邓淇元,数据与模型双驱动下的零售商全渠道动态运营决策研究
方悦,政策学习中的理论创新与实践应用
韩若冰,平台经济中社会责任导向的行为干预策略实证研究
黄侃元,信息呈现对小额信贷的影响--基于实证分析和田野实验的研究
刘伟迪,大语言模型智能投顾与个体群体投资决策:基于准自然实验和深度学习的研究
潘歆乐,内卷的群体动态过程
许士元,劳动者技能异质性如何影响经济结构转型:基于微观视角的量化分析
张万昌,不确定信息环境中的稳健机制设计
Joon Sang Yoon(尹俊相),AI-Driven Transitory Earnings Classification:Enhancing Market Transparency and Regulatory Oversight
张日权,基于航空安全复杂大数据统计方法研究及应用
岳青,跨部门协同视角下的定制化产品定价-生产调度集成在线优化研究
张晓灵,生成式AI对价格谈判的影响机制:基于多种方法的研究
朱宏淼,医联网下人机驱动的失真—真实健康信息耦合传播机理研究
,人机协同决策中用户动态适应性策略对任务绩效的影响研
王爱莲,究
李晓琳,人机兼容视角下创业韧性的形成机制及提升策略研究
葛佳烨,品牌创新中一致性与相关性的悖论:悖论式品牌创新的概念、测度与影响机制研究
冯艺璇,考虑数据网络效应的大模型开源及定价决策研究
郝欣宇,数智技术赋能城市生活垃圾治理低碳化:排放规律、作用机制与政策优化研究
张嘉俊,异质性权重矩阵下的多维空间动态面板模型:理论与应用
董雯,自动化与人工智能技术的收入分配效应研究:基于金融市场不完全的视角
李之旭,全球价值链风险暴露下供需冲击传递机制与中国产业链风险防范研究
罗承泓,半值性质探讨及应用:基于简化博弈的一致性分析及在指派市场中的公理性刻画
林滨,经济不确定性与结构性就业矛盾--基于公共-企业二元制劳动力市场分割视角
蒋冉,“双碳”目标下航运供应链绿色低碳转型激励机制研究
蓝紫文,政府采购竞标信息全面公开对上市公司信息透明度的影响研究
钱一蕾,动态视角下隐性债务化解的防风险与稳增长效应研究
欧阳伊玲,公共数据对企业绿色发展的影响:基于开放资源文本大数据的研究
袁子晴,非正式经济视角下城中村改造对居住空间分异的影响研究
张朋丽,超图的几个谱极值问题
何云,地缘经济风险与跨境供应链网络重构:指标测度、影响机制与政企协同应对策略
孙康泰,政府监管下的消费者隐私保护与平台定价策略研究
刘文彬,保护动机和双系统整合视域下慢性乙肝患者主动健康行为驱动机制及干预研究
王真,药品流通体制改革政策效应、机制创新与路径优化研究
李忠萍,面向互联网医院服务系统的双渠道医疗资源优化配置与协调机制
吴澎,多源多模态数据驱动的服务消费个性化决策方法及应用研究
甘清秋,关键核心技术驱动单项冠军企业跨界创新的机理与路径研究
刘华,可信数据空间背景下合作式问题搜索及其对数字创新的影响机制研究
余润哲,乡村旅游地居民精神富裕时空演化与形成机制的研究
周永意,“虚实博弈-奖惩协同”交织对主播竞争策略及虚假宣传治理路径优化影响研究
凌润泽,供应链金融活动中核心企业的攫取问题研究:成因、后果与治理
唐伟正,企业过头税问题研究:分布、成因、后果与政策
海淼,差序型资源重构视角下企业战略态势的形成机理与影响效应研究
庄明明,股权国际化与中国企业融入全球创新网络:影响机制、溢出效应及经济后果研究
孙玉姣,考虑互动信息的电商直播产品展示服务能力配置与优化研究
孙楚仁,多维贸易中击对企业内部劳动分工的影细向机制、差异化效应及优化路径研究
于天阳,电商供应链AI客服引入与隐私保护策略研究
刘媛媛,地方政府隐性债务治理的实体经济增长效应与政策优化研究
赵轶星,基于不对称信息随机微分博弈的保险中介报酬机制与代理问题研究
程嘉嘉,大国竞争背景下技术“卡脖子”中击传导机制及其对企业供应链重塑的影响
周勇,大数据融合技术赋能多模态信息环境下金融风险管理及行为决策
刘玉坤,分布偏移数据的若干统计推断研究:检验、预测和分类
钱林义,数据驱动下的健康养老保险规划与产品创新研究
张楠,网络安全风险投资与保险最优决策问题研究
张澍一,多源半监督碎片化数据的统计学习理论、方法及其应用
马雪静,大模型驱动的广告内容分析、创作与效果预测：基于多技术融合的方法与应用
陈力闻,新业态平台的工作游戏化研究：行为效应、影响机制与优化策略
范洋洋,双重问责路径下社区工作者的感知问责：指标测度、压力应对及其曲线效应
王柔琳,探索双曲几何空间中的非参数统计推断
由雪梅,人机共生社交网络中舆情传播机理与应急响应策略研究
张淑洁,数字化绿色绩效管理对员工工作及家庭领域绿色行为的影响机制研究
张亚男,AI介导的沟通对投资者信任的多渠道影响研究
李倩文,建筑分布式光伏项目多源风险应对与投资运营决策的协同优化研究
郭道燕,多轨规制背景下城市居民碳普惠中辍行为形成机理与干预政策研究
程秀,基于“动机-行为”构型的家庭节能行为多阶段维持机理与匹配政策研究
黄晗,社交大数据驱动的消费行为绿色迁移形成机理及助推策略研究
何佳,企业数据安全与资本市场表现：基于潜在风险与事件冲击的双重视角
高宏宇,数智化征管下企业税收遵从的助推机制设计：基于随机实地实验与政策实验的研究
孙鲲鹏,数字化办税的经济影响与政策优化：基于信息发送成本视角
沓钰淇,医疗供给侧改革下县医院综合能力提升试点的健康绩效、作用机制及政策优化研究
郭俊杰,“信心加速器”的宏观效应与传导机理：实证研究与模型仿真
朱菲菲,抵押品改革与银行服务经济高质量发展：基于知识产权质押的视角
王日涵,注册制下机构投资者报价网络形成机制与股票市场影响研究
吴溪,中国证券虚假陈述的私人执法：运行特征与模式变迁
肖土盛,数据资产入表与资本市场行为决策：信用扩张机制与价值效应研究
朱冰,注册制下券商投行内部治理对IPO执业质量及经济后果影响的研究
张明,尽职免责能促进政府投资的战略功能发挥吗？——来自政府创投基金的证据
张按笛,企业排污信息管理研究：影响因素、治理机制和经济后果
刘敬真,基于多重赔付保险、健康投资以及后悔理论的最优投资消费决策研究
艾美彤,养老保险需求的影响因素及作用机制：健康风险与非正式保险
黄春妍,几类非线性发展方程解的长时间渐进行为研究
程宇丹,新型工业化背景下的土地政策效应：经济结构、产业发展与区域平衡
蔡猛,随机KdV方程保结构算法研究
杨紫,数字经济发展背景下经济不确定性影响消费韧性的理论逻辑、量化分析和政策体系研究
段玉婉,碳中和目标下中国新能源汽车“出海”研究：机制分析、效应评估与政策优化
胡增玺,科技制裁下中国企业数字技术创新能力提升路径研究
尹振东,消费者数据驱动企业创新的多维作用机制、福利分析与政策启示
王思卿,全球金融周期背景下的资产泡沫、风险传染与最优政策
张佳梁,中国省际资本流动壁垒的测度、成因与政策效应研究——基于量化空间一般均衡框架的分析
陈荣杰,外部冲击与产业链供应链韧性研究：理论机理、定量分析与政策优化
翟颖佳,生产网络中的创新溢出：传导效果、微观机制与量化评估
晏妮娜,平台供应链数据安全与运营决策协同机制研究：基于隐私保护的视角
姚潇,基于证据链的企业财务欺诈风险动态评估研究
张光利,企业空壳化形成机理与风险传染效应研究
代宏观,责任AI驱动的人机协同配送决策研究
魏闯,事实核查设计特征对消费者行为的影响机制研究：多阶段信息干预视角
嵇月婷,智能识人：基于AI视频面试的人格测评及招聘效果研究
李国文,基于跨模态异常传播链路分析的金融虚假信息动态识别与应用研究
刘志东,AI-Agent驱动交易下指令簿市场中幌骗和价格操纵研究
何晓奇,复杂网络结构下的传播效应模型：因果推断和应用
迟钰雪,重大突发事件“伪舆情”风险生成机理和阻断策略的智能化研究
朱辰,城市既有建筑群附加光储系统规划智能决策模型及方法研究
刘一伟,生育支持政策组合对家庭生育行为的作用机制与情景模拟
张剑,政策一致性的理论框架、动态测度与作用机制：以企业数字化绿色化协同转型发展为例
杨素红,高校毕业生就业流动路径的驱动机制——基于多源数据融合的政策工具与经济集聚协同效应研究
徐颖,数据驱动的居民参与社区低碳治理行为研究：决策逻辑、演化机制与助推策略
张梅,数智时代慈善舆情事件的信任危机形成与修复机制：文化进化理论视角
隋晓阳,文字概率与数字概率对判断与决策的影响：中庸思维的视角
戴俊骋,数字地方感多元建构机制与跨尺度治理实践研究
崔丽欣,面向上市公司财务欺诈风险分析的新型特征选择算法理论及应用研究
张巍,国家安全视域下社交机器人驱动污名化的演化机制与动态阻断策略研究
汤健,智能代理对开放协作社区知识贡献行为和生产绩效的影响机制研究
李惠,不确定环境下生鲜新零售平台即时物流调度优化研究
张笑语,开发商预售项目交付违约的溢出效应：理论、实证与政策分析
戚书源,触限激励效应的建模与量化：涨跌停板制度下的衍生品定价及尾部风险测度研究
王麒植,中国援助对受援国结构转型、经济增长和债务风险影响研究
李东阳,注意力经济视角下的平台竞争与创新理论研究
徐四华,虚拟主播多模态情感表达影响消费决策的认知机理及动态优化研究
郭珊珊,面向主动健康的“医生-AI-患者”人机共融决策:协作、交互与策略构建
吴瑞璟,农产品供应链运输风险主动响应实时决策研究
高媚,人工智能推荐下的个体投资者资产配置行为研究:实证与实验
赵玮玮,睡眠内稳态和昼夜节律影响人脑类淋巴系统功能的多模态成像研究
张韦萍,黄河流域甘肃段碳收支平衡时空分异的多尺度效应与碳综合补偿机制研究
南国芳,社交电商平台中人工智能生成评论的有用性及传播机制研究
许销冰,App自动续订模式选择的驱动要素、后效和消费者福祉提升策略
肖皓文,居住流动性对多重身份交互及消费行为的影响研究：基于身份管理视角
张晏维,粮食功能分区下耕地保护政策执行评估及优化研究
吴海涛,供应链数字化与绿色企业进入：理论推演、影响机理与政策优化
吴国睿,新质生产力下半导体供应链净零转型路径研究
熊浩,不确定需求下B2C电子商务二级仓储网络的订货与库存分配优化研究
刘志峰,气候韧性与金融稳定：基于跨系统风险传导的理论与实证研究
杜小民,探索创造力的转化：基于“创业者个体到组织”的跨层次研究
钟科,消费者亲环境行为中的意图-结果不一致效应及其心理机制研究
刘国伟,功能类型视角下双重目标企业的身份披露与运营管理决策
肖廷,风险资本的数字化组合投资对企业数字创新的影响机制和治理策略
赵达,考虑消费者购买行为和市场竞争环境的以旧换新与再制造模式选择问题研究
熊凯军,数智融合驱动战略性新兴产业互联式创新研究：基于多层复杂网络视角
孙鹏,制度型开放驱动现代化产业体系“三化”升级:双维机制解构与多源实证检验
张彦哲,出口退税政策不确定性与企业出口“稳量提质”：理论机制、效应评估与政策优化
李海洋,制度变革视角下的IPO融资摩擦——结构估计、因果效应与政策优化
张鲁彬,多源异构数据驱动的海南自贸港数字贸易开放压力测试及适应性调控策略平台构建研究
雷虹,基于区块链的隐私保护身份管理研究
范新妍,在线健康语料的网络建模与结构分析
李扬,网络结构数据的因果推断研究
许王莉,高维复杂数据的分布检验理论与应用研究
周峰,多模态深度点过程的关键技术研究
周静,大规模CT影像数据驱动的早期肺癌精准诊断模型构建与应用研究
韩雨泽,随机最小最大优化问题中一阶算法的渐近统计理论
罗茸,基于网络效应强度和纳什谈判的平台定价研究
王莹,平稳和非平稳数据的混合因子模型：理论与应用
胡乃元,教育资源、人才流动与地方政府投资——基于动态空间一般均衡模型的理论与实证研究
蒋雅婷,规模报酬、出口与企业生产率：估计方法和作用机制研究
刘晨冉,司法地方保护主义的制度成因、经济影响与治理对策研究
刘鑫,创造力与创新
杜佳霖,地缘政治风险下中国企业“抱团出海”模式的成因机孙芒每与效果
姜付秀,董事会会议地点选择及其公司治理效应研究
凌楚定,动洼翟亿动的南态情境下多团队系统适应性协调的效能机制与构建策略研究
刘靓晨,零工经济平台双边竞争的激励机制研究:奖金与补贴策略的作用与影响
张敏,国际审计准则趋同对跨境投融资的影响研究:国际证据与中国实践
赵大旋,我国上市公司环境处罚信息披露研究
周京梅,基于VR与数字人技术的企业在线虚拟空间设计与销售绩效影响研究
周禹,算法参与:构念内涵、生效机制与关键条件研究
KRISTEN,How Autonomous AI Agents Reshape NetworkBrokerage and Influence Team Performance
MIKELTIA,平行供应链的形成发展机制和影响:基于资源依赖视角和动态图神经网络方法
贾行之,多团队成员身份效应的作用机制与边界条件研究:基于个体与团队层面的整合分析
郎婷婷,人工智能幻觉与企业自愿信息披露行为的研究
倪政辉,跨境数字足迹与企业财务行为:特征事实、动因与经济后果
汤晟,研报业务监管的有效性研究:基于证监会处罚的准自然实验
王慧,与科学基金改革发展相匹配的组织机构及人力资源管理研究
刘松博,银发经济背景下超大城市老年人住房消费动因、模式及促进与保障机制研究
白晨,老年人数字融入及家庭干预研究
李梦婷,劳动力市场中的管理者性别偏见:基本事实与驱动因素研究
雷子腾,基础教育师资流动政策的公平与效率权衡:基于人力资本理论视角的研究
王雪凝,基础教育师资流动政策的公平与效率权衡:基于人力资本理论视角的研究
李越欣,基于数智技术的艺术品市场交易机制研究
刘阳,贸易摩擦下的新能源产业链韧性研究:传导机制和提升策略
谢晓曦,消除碳证政策的效果评估与协同优化:基于黄河滩区证建设
李芳华,健康出版社的政策评估与协同优化基于黄冈麻医江建库自然实验的研究
孙频,区域协调发展视角下的省间电力定价机制建模与优化分析
刘蕾,职场心态老化:概念、测量、形成机制与干预研究
杨永政,行政负担消减的类型、效果与机制研究:以社会救助政策为例
周钦,居民心理健康问题的社会经济负担评估和健康管理优化策略研究
杨宏山,城乡融合视角下完善乡村振兴投入机制研究
刘一弘,制度视角下的基层应急管理能力的影响因素和作用机理研究
郭珊,我国区域间粮食贸易的生物多样性损失及横向生态补偿机制研究
夏方舟,助推共同富裕的宅基地价值显化增值机理与共享实现路径研究
何艳玲,生成式人工智能驱动的基层治理“人民算法”模型构建与应用
杨园园,土地利用变化下亚马逊雨林地区生态系统服务与居民福祉间的权衡/协同机制
刘泽豪,金融中介
吴轲,基于生成式人工智能的公司网络与资产定价:理论、测度与应用
胡晴,数字经济时代的企业家精神研究:核心内涵、形成机制与公司治理创新
谢晓晨,关税对企业定价策略的影响和最优税率设计:基于结构模型的量化研究
吕珊珊,数据驱动的退化型产品可靠性预测与稳健优化研究
陈义忠,空间网络视角下京津冀城市群碳代谢研究:传导规律影响机制及优化策略
刘文恒,时空耦合下空-地联动院前急救的资源韧性布局与动态调度优化研究
梁迎迎,高阶网络视角下异构多属性群智共识决策方法与应用研究
崔欣,信息披露失准冲击下的投资者行为演化与价格发现过程研究
王莉,结合骑手行为与用户弹性的即时配送平台运营优化
叶慧颖,国际气候博弈建模与资金技术合作机制设计
赵宇杰,电商大促下考虑策略性退货的供应链多维策略跨期协同运作研究
杨依哲,考虑路网交通状态演变的共享无人驾驶车辆系统最优调度方法
刘灿雷,应对国际技术脱钩:政府投资基金的创新效应、微观机制与最优配置研究
马双,政府与企业产品置换激励策略组合对绿色智能产品升级购买的异质影响:基于规范期望理论的视角
邵婧,新能源汽车充电设施建设与运营中的政府、企业及用户互动研究——基于三方博弈模型
孙宇辰,基于文本大数据的宏观经济政策沟通研究:作用机制与效应评估
王苒,不确定条件下的全球气候治理新视角:跨国公司多维度排放责任界定及其减排行为的产业链传导机制和效果分析
邢小强,数字经济背景下商业模式组合式创新的动因、机理与路径研究
赵昕,多任务激励机制与医疗服务供给:行为响应、福利效应与政策优化
祝小全,地方隐性债务风险的测度、跨资产与罚没溢出及微观化解对策研究
曹强,在线心理健康平台信息质量的多维动态评价、跨平台影响分析与治理方法研究
陈科宇,员工人际促进型与人际防御型AI求助行为策略:内涵、形成机制与作用效果研究
董康银,算力要素应用对城市碳解锁效率的作用机制和提升策略研究
杜丽蔓,k-次模广义影响力最大化问题模型与近似算法研究
郭越,地缘政治竞争背景下中国新能源企业生产网络的演化过程及其影响机制
黄家林,极端温度对老年人负面健康影响及应对措施研究
旷纯,银行存款网络、定价策略与货币政策传导
李京妍,生成式人工智能背景下内容平台运营策略研究
李松楠,法治建设与债券市场高质量发展:基于破产程序效能提升的研究
刘沛羽,大语言模型的参数-缓存联合优化与自适应压缩研究
刘卫星,府际政策学习网络对政策创新的综合影响及异质性效果研究
罗晓芃,在线平台低约束政策影响消费者不道德行为的关键路径、作用机制以及干预措施
孟令超,基于文本叙事与大模型的资产定价:测度、理论与建模
彭鹭,省以下政府间事权多维划分影响公共品供给成效的理论机制、经验事实及优化路径研究
宋丹雯,媒企互动:注意力分配、报道质量与经济后果研究
田涵晖,中央银行资产负债表视角下的财政与货币政策取向一致性研究
王程伟,政府绩效反馈如何降低数据干扰:度量方法、驱动因素与消减策略
王亦钱,“社会激励”博弈视角下的社交媒体虚假信息治理
魏孟瑛,放松市场准入与高质量创业:注册资本制度改革的微观机制与宏观传导
杨易擎,国际技术标准对接与企业对外直接投资:影响、机制及应用
俞蔚捷,面向法律场景的可信检索增强推理方法研究
张建楠,不确定性下绿色技术投资与保险决策问题的研究
张修平,数智化战略协同对企业集团高质量发展的影响机制研究:
,基于大语言模型的精准测度
朱泳奕,地方隐性债务置换的政策效应、影响机制与路径优化研究
庄园,数字经济背景下的基金直播研究：理论逻辑、经济影响与作用机制
叶梓秋,Optimal Information Sharing Strategy of Online Marketplace: A Behaviour-Based Personalized Pricing Approach
余淼杰,中美贸易摩擦下中国企业高质量发展：挑战、应对与绿色转型
姚树洁,县域与城市经济高质量发展推动中国式现代化研究
徐堇,生态系统协同演化对未来产业涌现的影响机制研究——基于斑块动力学视角
陈烽,贸易自由化背景下的家庭事业权衡：基于性别技能要素的移动份额估计
于晓宇,人工智能时代科创企业技术战略与商业模式共演成长路径研究
林贵华,基于下层对偶的双层规划数值算法及其在电商平台中的应用研究
诸葛丹,数据与模型双驱动的航运服务定价与收益优化
卢超,基于负责任创新的“AI+”产业融合互动机理与敏捷治理机制研究
高佳静,低空智能配送中无人机与地铁联合配送优化研究
李雨薇,AI赋能平台供应链的反向定制决策优化与算法研究
高银萍,考虑多能互补的港口综合智慧能源系统决策优化研究
彭澜,海事远距探测多场景中的无人机路径规划问题研究
朱榴莹,数据赋能在建工程项目跨组织动态激励的需求识别、策略匹配和反馈优化研究
杨季枫,开源社区中开发者贡献治理对数字创业企业价值的影响机制及效果研究
何琳,人机协同对创业项目投资决策的影响机制研究
伏润民,央地财政关系下地方自主财力提升研究：效应评估、激励机制与协同策略
余怒涛,大股东跨地域持股与全国统一大市场构建：机制、路径与经济后果研究
明庆忠,山地旅游者精神幸福体验的具身实现与溢出机制研究
卢启程,AI大模型开源背景下人智协同对专精特新企业创新韧性的影响
魏宇,多重不确定性风险下我国绿色金融市场的溢出效应研究：基于模型与数据双驱动的视角
张蓉,市县财力事权匹配目标下省以下财政转移支付制度创新：一个嵌套激励的财力再平衡机制
费宇,高维相关数据变量选择研究
张宇,多目标博弈的合作均衡及其应用研究
刘宏芳,高原滨湖旅游村镇空间治理与地方重构研究
薛霖,面向海上风电减损增效的台风风场损益特性及其动态转换机制研究
王延玲,知识型员工周一工作心理重联障碍的成因、影响及干预研究
马蓉,考虑多源异构数据的跨境电商绿色供应链竞合演化机制研究
李云仙,基于多源异构数据的地震灾害尾部风险建模与巨灾保险定价研究
朱宇翔,本地产业链活跃度与公司雇佣决策：基于上下游企业进入的视角
韩剑磊,视频社交媒体旅游持续生成内容对用户粘性的双重曲线效应研究
孟笋,多市场价格跳跃与企业行为决策：基于金属期现货双循环的量化分析
张华玉,机构股债双持的驱动机制、经济后果与溢出效应研究
高曦,基于大语言模型的债券投资者保护研究：文本信息质量和特殊条款视角
张彰,基层财政韧性的制度性内生机制及对公共服务有效供给的驱动研究
梁牧,数智就业平台矫正劳动力错配：人机协同决策的动态演化机理
钟光艳,公司金融系统中生态行为稳定性研究：基于可控周期信息对随机共振效应的优化
田生湖,数据要素视域下医疗健康大数据资产化实现机制研究
李雨欣,尺度关联视角下中俄边境地缘经济网络的演变机理研究
胡杰,农业信贷担保对新型农业经营主体规模扩张与创新驱动的影响机制及效应研究
尹凯,从碳减排到公平实现：评估数字化低碳转型的多重效应
孙晶晶,家庭式迁移农户农地处置行为选择机理及其效应研究：以陕西省为例
王旭坪,生鲜农产品冷链物流“生产-仓储-配送”联合决策研究
卞元超,数据要素治理驱动企业技术边界拓展的机理及效应研究:数实技术融合的视角
吴琴,创业团队时间特征异质性对商业模式创新的“双刃剑”效应研究
张毛龙,数字创新团队中的创新张力:内涵、多重效应与干预策略研究
潘子成,从赋能到使能链主企业数据资产入表对链上企业关键核心技术突破的影响机理及策略研究
李志,直播电商产品伤害危机中网络舆论的形成机制、监督效应与优化策略研究
杨浩昌,数智化赋能制造业绿色创新“提质增效”研究:多重机制、综合评估及优化路径
姚成胜,粮食主产区粮食安全系统韧性的形成机理、时空演变及提升路径
陈斌,基于社会网络的行为数据分享与交易机制研究
秦妮,中小股东积极主义、研发披露与企业创新——来自田野实验的证据
龙妍,基于一类新均衡方法的评估系统设计及公理化研究
胡斌,智慧城市公共开敞空间运行安全隐患的形成与灾变机理研究
杨珺,迁移学习下垂类大模型的研发模式与激励机制设计问题--基于资源依赖视角
买忆媛,高管团队的学习导向与技术认知对科创企业智能化战略的影响研究
李建斌,信息不对称与供应不确定下药品供应链协同优化研究
王梦阳,渠道数智鸿沟对企业创新的双刃剑效应及其动态应对策略研究
刘金鑫,双循环背景下供销网络国际性对焦点企业创新的影响机制研究
白芸,智能助力背后的代价:AI协作对职面上项目场垂直与水平人际互动的潜在影响
马远征,面向公平性的食物救助项目动态资源分配策略研究
唐坚强,面向空间站运营任务的飞控事件与指令联合调度优化方法研究
程立,无人驾驶下考虑居民和企业异质性的城市空间结构优化研究
许爱玲,全渠道模式下消费者搜索行为驱动的产品信息设计和定价协同策略研究
朱玲,中美技术脱钩对劳动技能需求和颠覆性创新的影响及经济后果
闫霄,虚拟数字人代言策略对多阶段可持续消费者行为的影响机制研究
钟宇翔,监管处罚、分析师行为与资本市场效率:基于研报双随机检查的研究
王秧移,双边市场的温水效应:平台扩展定价与竞合的策略悖论研究
王姣,统一大市场目标下区域税收竞争规制的资源配置和福利效应研究
王璐颖,促进科技创新的“最优耐心资本激励”理论机制与路径选择
肖雅慧,住房价格对经济增长和金融稳定的非线性影响:基于预期超调与产业关联的研究
武亚倩,网络干扰下因果效应的估计、推断及应用
董珉怡,产业链隐含碳关联下高碳资产搁浅风险的形成、演化及对策研究
肖建华,基于知识迁移型膜算法的超大城市高维动态物流配送优化研究
李欣明,开放银行生态下的流动性创造与金融稳定探索研究
张云齐,债务市场与创新的公共信息:理论和实证
杜霞,社会网络研究视角下健康保险的减贫效应与健康福利:作用机制及优化路径
郭佳宏,演化经济地理学视角下中国新质生产力的时空格局演化与驱动机制研究
孙鹏博,头部企业绿色转型实现制造业高质量充分就业的机制和路径优化研究:基于产业链和空间外溢视角
宋培建,数字化平台管理
姜杨,基于人工智能的金融科技平台用户行为分析与机制设计
陈曦,高质量数据集构建与质量评估方法及技术研究
初星宇,数智视听动感对品牌营销沟通的影响及机制
刘春林,核心企业绿色引领与供应链成员策略性响应:环境行为结构失衡的解耦研究
袁涛,上市公司ESG舆情风险的系统识别、经济后果与治理路径
吴见彬,高维动态因子模型理论性质与即时预测
贾鹏飞,双层运营模式下央行数字货币对商业银行的影响研究
陈子扬,中国城市更新对居民福利不平等的影响研究:基于技能异质性的视角
严佳燕,中美贸易摩擦背景下进入时机影响外商撤资行为的作用机理研究:基于网络嵌入性视角
郑航,国际经贸规则新趋势对产业链供应链韧性和安全的影响:量化评估、机制检验与路径优化
那晋领,绿色转型视角下企业市值管理研究:动机、策略和有效性
石爽,国之大计:交通基础设施、政府信任度与长期经济发展(公元前221-2010年)
郭少宇,中美经贸摩擦背景下外商撤资对中国供应链安全的影响
吴晓林,特大城市数字化风险防控的组织体系重构:风险演化、技术赋能与韧性跃迁
王力,风险视角下算法化监管中的观念、行为与模式效应研究
刘畅,农民工慢性病就医“忽视”的跨期决策及干预研究
程秀,基于“动机一行为”构型的家庭节能行为多阶段维持机理与匹配政策研究
刺利青,流空间视角下网红打卡地游客多维情感时空关联特征及驱动机制研究
付帅帅,基于区块链技术的绿色供应链碳资产质押融资策略与协调机制研究
刘佳伟,生物多样性风险与企业集团绿色创新行为:影响机制、溢出效应与治理对策
候娟娟,人口流迁视角下复合高温于早影响人口老龄化机制与对策研究
张婷婷,物流载具全周期绿色转型的驱动机理、主体响应及激励策略研究
周升强,草原生态补奖政策对生态脆弱区农牧民生计转型的影响研究:机制演变、效应评估与优化策略
于子钺,边际土地能源作物种植的适宜性评价温室气体减排与优化管理研究
张雪娇,跨省流域“生态对赌”对上下游企业环境治理的影响研究:作用机制、空间溢出与补偿策略
曲霏,数字平台企业的迭代创新机制研究
陶春华,ESG信息披露对公司债券发行的影响研究:基于债券市场参与者角度
李莹莹,面向关键核心技术突破的创新联合体非对称结构研究
靳庆鲁,会计信息与公司估值
黄俊,公募基金ESG投资行为研究:影响因素、作用机理与经济后果
刘浩,中国企业出海、信息披露与信息中介——基于人格化交易模式转变的研究
马慧,多目标约束下EVA考核的激励效果研究——基于央企业绩考核制度变迁的视角
薛爽,可持续发展信息鉴证的动因与经济后果
金雁南,收益分享契约融资模式对企业的影响研究--基于运营决策的视角
贺跃,跨境审计监管风险研究:识别、治理和效果
范子英,央地关系重构、最优财政框架与债务风险防控研究
孙俊秀,绿色信贷政策的供应链多维溢出效应与传导机制研究--基于气候风险嵌入的视角
叶永卫,企业异常投资行为的形成逻辑：基于政府年底突击花钱的视角
陈强,基于数据驱动与机器学习的金融市场尾部行为的测度、分析及应用
金泽群,政策内生时政策学习方法的理论及应用研究
张婧屹,中国科技转型期下信贷对科技创新的影响机制和最优信贷政策
曾华夏,多维模型下社会选择机制的可分解性及其应用
秦聪,双层心理账户理论及其应用
冯玲,中国进口开放的创新效应研究：基于金融资源配置视角
周正怡,基于机器学习的房价预期度量研究及其对居民消费影响分析
牛英杰,人工智能技术应用对企业投资决策的影响研究--基于劳动力技能结构优化的视角
吴晨钰,国有资本对企业响应绿色低碳目标的效应评估、机制分析及路径优化
桂姗,动态机制设计：理论和实验
罗赛,“高质量发展”下的员工薪酬和监管制度研究——基于随机实验的视角
曹林谊,基于宏观增长视角的创新补贴政策研究
张学良,中国城市收缩的空间异质性、影响因素与规划应对研究
王常伟,农场动物福利规制的社会福利效应:中国语境下的理论与评估
唐珏,失业风险上升背景下提高失业保险生活保障功能研究
葛润,生育补贴与婴幼儿托育服务政策的有效性分析及优化策略
张佐敏,内生视角下实现共同富裕的劳动者保护条件与机制研究
胡颖,泛亚铁路对中国一中南半岛经济走廊空间经济分异的影响机制与协同发展路径研究
宋培建,数字化平台管理
姜杨,基于人工智能的金融科技平台用户行为分析与机制设计
陈曦,高质量数据集构建与质量评估方法及技术研究
初星宇,数智视听动感对品牌营销沟通的影响及机制
刘春林,核心企业绿色引领与供应链成员策略性响应：环境行为结构失衡的解耦研究
袁涛,上市公司ESG舆情风险的系统识别、经济后果与治理路径
吴见彬,高维动态因子模型理论性质与即时预测
贾鹏飞,双层运营模式下央行数字货币对商业银行的影响研究
陈子扬,中国城市更新对居民福利不平等的影响研究：基于技能异质性的视角
严佳燕,中美贸易摩擦背景下进入时机影响外商撤资行为的作用机理研究：基于网络嵌入性视角
郑航,国际经贸规则新趋势对产业链供应链韧性和安全的影响:量化评估、机制检验与路径优化
那晋领,绿色转型视角下企业市值管理研究：动机、策略和有效性
蒋心慧,县际合作效能的影响因素与实现机制研究
陈武,面向重大突发事件的多层动态应急指挥信息网络优化策略研究
Muhammad Usman,"rain Gain and Corporate Excellence in China: A Comparative Study of Returnee vs. Foreign Directors on Governance, Financial Reporting, Quality, and Environmental Performance"
吴乃迁,气候转型风险的资本再配置效应研究:微观机制和经济后果
王空,借款人保护、银行信贷结构与金融稳定——基于债务催收监管的准自然实验研究
曾艺,税务公平视角下增值税税率下调对制造业资源配置效率的影响研究
董涵敏,气候韧性对资本流动的影响研究:作用机制、分配效应与区域协调发展对策
夏显力,制度环境、治理结构与农村宅基地制度改革成效:作用机制与政策优化
姚柳杨,农技数字推广与果农绿色施肥行为研究:以短视频和直播为例
于嘉兴,基于小样本图学习的农业科技型企业信用风险评估研究
公司名称,主要产品或服务
冯晓春,算法管理促进农机手工作投入的作用机理及路径:基于作业调度平台的研究
刘立程,纳入生态系统服务隐含流的流域生态补偿研究--以渭河流域为例
林娜,考虑移动设施的鲜采果蔬预冷服务网络设计与调度优化
戚渊,要素分配视角下农地流转租金变吨芹化的限度、机理及对策
覃昌雄,歇处虑消费者支付意愿的在线绿色农产品碳补偿机制与优化策略研究
司瑞石,防疫政策工具组合视角下生猪养殖户疫病防治技术采纳偏差及其矫正机制研究
陈宜,干旱胁迫情景下玉米抗逆品种采纳对粮食生产韧性的影响机制与提升策略研究
雷杨,AIGC参与生成网络文化产品价值风险的形成机理与干预策略研究
邢杰,漂移不确定模型下最优投资停止问题研究
丁锐,融合多层网络与可解释机器学习的数字与绿色经济协同发展、影响机制与增效策略研究
苏显方,气候政策与能源企业低碳投资:机制、效应与政策优化
郭向阳,数据要素市场化驱动中国旅游业降碳增效的多尺度协同机制与治理路径研究
蔡溢,节奏分析视角下民族旅游社区居民日常生活实践研究:时空过程与机制
穆学青,数绿协同驱动西南喀斯特山区旅游生态安全多尺度演化机制、过程与韧性提升
王荷,最优区分视角下餐饮老字号破解传承式创新困境的战略体系构建研究
罗超亮,基于“叙事-资本”动态耦合的新创旅游企业价值跃迁机制研究
杨仕亮,“水土一粮食一生态”系统协同下喀斯特地区粮食综合生产能力提升:机理、潜能与路径
王文利,资金约束下供应链技术创新的融资与运营联合决策研究
王金贺,融合人因的系统预测性维修决策和维修效果建模研究
綦建红,出口管制对中国人工智能企业供应商迭代的影响研究
王哲伟,突破性技术创新竞争中的均衡分析与激励设计
张群姿,多维度异质信念驱动下的复杂经济网络风险预警研究
钱先航,企业的跨国供应链风险:度量方法、经济效应与应对机制
徐进,病人多样性需求下服务质量优化策略:基于博弈模型研究
宋彦,"高考匹配机制改革,大语言模型和人力资本错配:理论和实证研究"
付学梅,多元交互视角下城市居民时空行为与其健康效应的协同机制研究:逻辑结构、动态演变与政策保障
胡文安,数字化转型场景下企业新引进科技人才创新身份的建构逻辑、转化效应及其干预策略研究
黄潇婷,基于旅游者时空行为规律的数字旅游空间生产与构建研究
孙亚,数智时代“战略-组织-环境”动态适配对旅游供应链韧性的驱动机制研究
王树军,部分可观测正倒向随机平均场系统的控制、博弈及其应用研究
许峰,旅游恢复体验对青年员工影响效应的理论逻辑与作用机理研究:“压力-情绪”视角
郎旭,带复杂约束的政府采购设计理论研究:以药品集采为例
戴靖怡,移动性视角下旅游意义感的时空差异及其作用机制研究
刘懋圻,融合显示性和陈述性偏好数据的产品线设计研究
屠羽,双元责任型领导的理论构建、结构测量与多层次效应研究
严晨峰,人智协同营销内容创作创意表现促进策略及机制研究:基于人因科学视角
姚洪江,结构-响应双维驱动下国际工程项目韧性的多元治理机制研究
胡浩然,数字贸易重塑国际国内收入分配的效应、机制与路径研究
刘一鸣,智慧供应链金融“脱核”促进链上民营企业风险治理及其产业链韧性提升研究
殷永昆,中国低生育率的成因与对策:理论、实证与结构模型分析
孙瑞,技术断供冲击下企业自主创新策略与激励机制设计:产业链租金重构的新视角
李明,产业数字化转型模式研究:从数据驱动到产业生态链研究
王霄霄,网络流量驱动的基金规模增长对共同基金行为和资本市场的影响研究
李若辰,数字化转型与成本不确定下的信息中介:理论基础与政策分析
王坚强,异常医疗行为识别智能辅助决策方法研究
宋娟,技术脱钩下创新生态系统技术瓶颈的协同突破路径与控制战略研究
张琴,VR让我们身临何境?多模式触发心智模拟对亲社会行为的影响机制研究
关键,数字平台绩效反馈的战略响应:基于前瞻与后视的混合组织期望设定
王伟姣,碳交易机制下供应链碳泄漏效应及治理研究
周艳菊,DRGs背景下保障医疗服务质量安全的机制设计
栗路军,文旅融合数智化对游客幸福感的影响机制研究
李大元,企业人工智能伦理漂洗及其治理:合法性-效率压力整合视角
张运生,国际国内竞争新形势下我国关键基础软件主导设计的形成过程、治理机制与政策研究
曹裕,电商平台数据泄露与算法操纵的数字化监管研究
余德平,汽车需求调控政策优化研究:燃油车限购与新能源车补贴
毛玮芳,基于时空注意力机制的金融市场关联表征与风险溢出测度方法及应用
李孟哲,会计师事务所分所垂直管理:治理机制及审计经济后果研究
唐慧洁,科创企业成长中创新悖论涌现及其管理机制研究
姚若琪,金融赋能供应链网络韧性的渠道研究:基于信贷资源再配置视角
贺姝峒,价格-信息互动视角下农村居民用能质量提升行为驱动机制与政策组合设计研究
罗谭晓思,数智化技术驱动城市公共充电设施供需匹配的机制与路径研究
李凯,宏观金融
马啸,国际经济与贸易
赵冷箫,资产定价模型的稀疏性检验
彭献华,递归效用动态规划问题的深度学习求解算法研究
Karol Mazur,Agricultural Land Rights and Social Insurance in China's Macro-Development
陈琨,生成式人工智能下金融市场信息、决策和情绪风险的识别与智能监管方法研究
吴登生,数智背景下科学基金管理信息化发展战略研究
周志民,广告AI味研究:测量维度、判断线索及对品牌感知的双刃剑效应
余明珠,不确定性环境下“散改集”多式联运网络规划与运输优化研究
聂嘉明,数据驱动的消费者个性化行为建模与品类管理:估计、优化与博弈
陈蕊,数字素养视角下AI社交机器人赋能用户行为治理的研究
何国华,下属人机协作与领导的多元反应及其后效:基于双系统加工理论的动态追踪研究
李纯青,人机共生体验的形成机理及作用效果研究
杨春江,集体道德的多米诺骨牌效应:团队道德行为模式的形成、动态演化与多层影响研究
石阳,中国资本市场改革中的制度设计、激励兼容性与多重优化空间
赵仁杰,残疾人就业保护税费政策实施效果与优化机制研究:基于就业改善与企业发展双重视角
李晓华,组织混合性对学术创业企业规模化扩张的作用机制研究
薛姗,管理者-大语言模型协作对企业绿色创新决策的颂花射贻俱鸭摄免揆茚u爆锁做卫徐戏朵机制研究
郑建东,多模态数据环境下资本市场信息中介的协同效应研究:以社交媒体和分析师为例
张雪妹,环境热点事件驱动的区域经济绿色转型:效应评估、机制识别及政策优化路径
武宵旭,数据流通破解“数字创新悖论”的作用机制与治理路径研究
,"中国医疗体系的一般均衡分析:理论建模,结构估计与量"
易君健,中国医疗体系下 股与市场分析:理论基础、路径分析&最优政策探索
石菊,医保支付方式改革对医疗创新的影响评估及政策模拟
刘蕴霆,大数据背景下高维条件资产定价模型的构建、估计与应用
袁野,数字经济时代注意力资源配置如何影响经济决策:基于行为经济学与行政大数据的多层次分析
李少然,高维公司特征承载政策敏感因子的A股资产定价模型
余昌华,生产网络视角下的货币政策传导机制以及货币政策与财政政策协调机制研究
梅亮,技术主权视角下战略性产业演化机制研究
张谱,碳中和背景下林草用地效率提升机制与路径研究
徐铭栋,外贸发展与社会稳定:实证分析、理论探讨与政策前瞻
尤炜,多中心城市网络系统的形成机制与经济效率探究
蒋少翔,中国家庭代际支持网络的动态演变与健康老龄化的实现路径研究
周羿,人口结构变迁与中国消费转型:微观机制、产业响应与政策优化
杨针,基于行为经济学的理工科人才绿色就业研究
黄晓婷,竞争情境与合作主体对大学生创造力的影响:基于多态数据的研究
马莉萍,生成式人工智能使用模式及其对大学生发展的影响:追踪调查与实验干预
吴红斌,农村订单定向免费医学生培养政策评估研究
胡佳胤,数字金融借贷中的信息分割和数据共享:基于大科技平台消费信贷的实证分析
李政,国际公共产品供给视角下中国ICT项目援助推动“一带一路”国家数字金融减贫研究
年永威,遥感技术与农业发展
蔡宇涵,网络效应规模与影响的经验估计——基于家庭数据与RCT的研究
崔知涵,人工智能辅助诊疗如何影响患者体验:测量、机制和评估
林淑君,健康预期寿命变化影响收入分配动态演化的理论机制与实证检验
司伟,居民膳食结构转变对实现大豆减量替代的机理与路径研究
赵启然,儿童青少年含糖饮料消费的影响因素及控制策略研究
陈祁晖,健康感知偏差对我国老年居民健康行为的影响及主要干预措施的效果和机制研究
方明月,数字经济时代人工智能对企业ESG表现的影响:理论机制、实证识别与政策优化
朱晨,遗传经济学视域下中国农村居民食物消费结构及膳食模式对健康影响与精准健康策略研究
胡雯,零工平台对制造业农民工就业及收入的影响:机制设计与政策优化
柴利,全球农业价值链生态不平等交换及中国应对策略
孙玮,企业研发费用披露分解程度的影响因素与资本市场后果研究
杨锦涛,顾及传递关系分异性的镉“土壤-稻米-人-健康”链模优化研究
祁应军,产权制度对草地生态系统气候适应性的影响效应、机制与对策研究
李宁静,技术断供与ICT产业转型升级路径研究:基于生产网络视角
张庆芳,拼装体视角下天气对游客地方感动态演化的格局、过程及作用机制:以自然旅游地为例
蒙铭友,智能定价模式下平台供应链的产品服务与补贴策略研究
汤喆轶,基于信用管理的共享泊位匹配与定价协同优化研究蠕鸽葡
张伟,碳排放双控下我国高碳产业链低碳升级的机制和实现路径研究
黄晓治,可解释人工智能对消费者健康行为影响的机制与边界研究
韦慧民,团队虚拟性背景下成员数字化疲劳动态演化及传染对团队协作的影响效应机制研究
覃朝勇,基于多模态数据协同的碳市场价格区间预测研究
令狐大智,多层异质主体关联网络视域下中国-东盟农业绿色效率协同提升路径研究
陈芙英,西部陆海新通道、枢纽与网络多层韧性提升策略与协同优化
王鹏程,在不对称中建立平衡:混合雇佣团队权力不对称下合作困境的形成与破解机制研究
宁鹏,国企高管薪酬职务倒挂对绿色创新的双面效应及作用机制研究
陈炜,低碳转型背景下融合多模态知识图谱的多智能体资产配置研究
陈振松,对抗场景下基于多模态图学习的企业财务欺诈风险评估与预警
胡晓倩,新能源关键矿产供应链网络的风险叠加影响机理及韧性提升策略
刘妍心,关税冲击下全球铬产业链风险时空传导及中国对策研究
梁媛媛,多层级耦合映射视角下智能网联汽车设计迭代优化决策方法研究
李艺帆,多元属性感知的城市低空非合作无人机鲁棒跟踪方法研究
孙芝慧,人工智能赋能中小股东积极主义:作用机制与公司治理优化效应
郭永祯,基金分仓激励与分析师ESG信息供给
从阔匀,产业政策预期管理对企业创新策略的影响研究
徐瑞遥,供应链ESG鉴证赋能中国企业走出去:传导机制与提升策略研究
王格非,工业化进程下人口应对气候冲击的适应机制研究--基于晚清至新中国的超长期考察
张蒙,数字化转型新型能力对企业全球供应链韧性的影响机制与福利效应研究
息晨,垂直环境督察下地方策略性生产响应现象识别、机理分析与政策优化研究-基于高频电力大数据
汤萱,战略性新兴产业融合集群的生态化耦合协调研究
薛小龙,城市基础设施全生命周期数据资源跨组织编排机制研究
刘芳,领导AI绩效监控使用对领导力效能的提升机制研究
陈宇靖,人工智能驱动下考虑信息共享的平台供应链定制化策略研究
付博,强制性亲领导非伦理行为的后果与干预研究
陈聪,算力服务平台中双边激励兼容的在线调度机制设计与竞争比优化
蒋雨思,多重网络对等性对企业创新搜索路径形成、演化与扩散的影响机制研究:基于效率、韧性双重视角
程栋,人机交互下偏好学习驱动的共识决策研究
王林,基于GenAI-SD的城市关键基础设施复合风险情景推演研究
吕政翰,黑龙江流域生物质燃烧CO2排放估算及其传输拟研究
杨礼箫,北方农牧交错带骤早驱动分异与生态风险调控研究
沈强,《河湖连通工程对苏打盐碱地时空分异影响机制研究-以松嫩平原西部为例
廖文梅,基于森林“粮库”与森林“碳库”视角下集体林业大县森林生态保护利益补偿关键机制研究
徐冬梅,创新要素配置促进农产品加工业转型的机制研究:数字赋能视角
肖智华,不完备知识产权约束下种业科技政策对企业创新行为的影响及作用机制研究
谢宁,规模养殖户政策性肉鸡保险购买选择与疫病风险防控行为反应机制研究--基于江西省调查
王火根,社会化服务驱动农户参与高标准农田管护行为的机制解析与优化路径研究--以江西为例
徐根玖,社交电商数字经济模式的网络博弈与机制设计研究
杨谨,电力市场一体化视角下风光基地电力消纳对经济增长的影响机制及动态优化研究
马少超,市场机制下汽车产业电气化转型政策机理与协同优化研究-从双积分到碳配额
江勇,基于多主体博弈的深海矿产资源绿色开发缴费与事益分享机制研究与方案模拟
高雅婷,识机如弈:领导时机觉察力的概念内涵、形成机制与影响路径
何宇,垂直结构下气候转型风险沿产业链的传导机制研究
魏晓楠,“绿色补贴-碳市场”政策协同提升高碳企业减碳融资优势的机理与策略研究
王文浩,全球大宗商品价格冲击对汇率变动的影响：基于全球大宗商品贸易耦合网络视角
叶菁菁,以数“智”税：多主体视角下数智要素嵌入税收治理的理论逻辑、机制路径与政策优化
许泳昊,政策取向一致性、资本市场定价与突破式创新-基于政策智能体的分析
耿江波,气候变化引致的金融风险冲击机理、传染机制及减缓策略研究
高楠,数字安全的多维风险识别与协同共治：理论探索、实证分析与实践转化
韩翼,领导对员工-生成性人工智能建议反应的差异感知机制：基于社会比较视角多层次研究
冉雅璇,生成式AI搜索智能体下的“知识幻觉”效应：概念内涵、形成机制与营销干预
闫文收,全球价值链框架下内河航运能力提升的贸易效应与福利评估：理论拓展与中国经验
张琦,政府预算治理的经济效应
赵慧,生存大数据的稀疏统计学习及其拓展问题研究
廖俊敏,广义NHCES偏好理论构建:结构转型定量研究中的参数限制突破与理论应用研究
叶菁菁,以数“智”税：多主体视角下数智要素嵌入税收治理的理论逻辑、机制路径与政策优化
鄢伟波,劳务派遣在中国的兴起：事实、成因影响与对策
万欣,税收激励与发明家创新：影响、机制与优化
王筱筱,收入风险动态演变下再分配政策优化：基于多重信息摩擦委托代理模型的分析
欧阳洁,财政紧平衡下的零基预算改革与公共部门绩效：影响评估、作用机制及政策优化
戴胜,减排与增长目标下资源配置效率前沿面重构与再配置效应研究
黄晓琪,专利开放许可与企业创新：内在机理、效应评估与经济后果
陈语,基于精细化新能源电力供给特性的企业选址决策与产业布局重构研究
鄢伟波,劳务派遣在中国的兴起：事实、成因、影响与对策
王筱筱,收入风险动态演变下再分配政策优化：基于多重信息摩擦委托代理模型的分析
欧阳洁,财政紧平衡下的零基预算改革与公共部门绩效：影响评估、作用机制及政策优化
万欣,税收激励与发明家创新：影响、机制与优化
赵丹丹,恐慌形成机制及缓解恐慌机制设计的理论研究
王琴,全球金融市场复杂关联网络构建、动态演化与预测研究——基于分位数-图神经网络融合的新视角
赵魏一,数字经济背景下平台型代币定价机制与风险溢出效应研究
郁芸君,地方融资平台整合模式选择与债务风险化解机制研究
张婷,联盟外竞争互动对竞争性联盟绩效的影响研究：基于动态竞争分析框架
徐运昕,基于深度学习的蛋白质突变效应算法研究
梁伦海,基于反向定制的平台供应链信息获取与合作模式选择研究
王康周,制造资源共享生态系统定价及联盟利益分配机制研究
陆本江,助农直播营销中“主播+”多维融合策略研究：基于产品、场景、技术和文化视角
郭晟豪,规则中创造：基层行政规则影响公务员主动变革行为的机制与效应研究
聂龑,双碳政策与数智技术对“源网荷储”协同转型的作用机理及政策优化研究
王雪枫,生成式AI产品使用对消费者行为的双刃剑影响、机理及应对：记忆效能短期增益和长期阻碍的视角
严燕,资源稀缺视角下成年子女的孝心消费行为研究：基于时间稀缺和金钱稀缺的探究
陈亚硕,星星之火可燎原：员工主体下道德权威的概念、形成、跨层演进与多层影响
陆文珠,忙而无功还是“创新突破”？要素特征和构型视角下多团队成员身份影响创新的机制及边界条件研究
温慧愉,碳要素驱动下的分析师碳关注形成机制和经济后果研究
秦帅,IPO申报即担责的预防性监管效果
朱玥,跨代际反向指导的前因、作用机制、效用及管理策略研究
王节祥,数字平台构建中多层次论的治理机制研究
许彬,团队竞赛:基于能力与制度双重视角的研究
王海,数字基础设施建设的低碳发展效应研究
季敏,带调整操作的生产调度模型与优化算法
刘絮绯,城市复杂环境下无人机-无人车协同配送系统维路径规划与智能调
程玲,默会知识传递与政策学习绩效:基于政府实地调研行为的识别策略与理论拓展
车珍,破解数字创新生态全球化中的互补性困局:替代张力、平衡策略与知识集聚
汪淋淋,多模态用户评价数据驱动的AI营销与企业双元增长过程机制、影响要素和优化策略
郑石明,基于数据与知识联合驱动的减污降碳协同效应、机制与政策优化研究
王玉,定制化AI大模型场景下“人-机”共创知识空间驱动的产品多元态衍生创新模型与应用:用户注意力痕迹视角
李翔宇,跨域意图增强的搜索与推荐联合建模方法研究
吕茹霞,“强监管-后补贴”下生物质发电供应链的减排与融资策略研究
张宗嘉,城市极端暴雨内涝多阶段演进机理及移动排涝设备递进式管理策略研究
蔡澍,新型城镇化背景下流动人口居留意愿对其创业行为的影响及机制研究
徐吉良,不可观测因素的经济学:测量误差模型的扩展与应用
唐曲,极端气候事件对农业韧性的影响、机制和适应性策略:基于农业全产业链的研究
陈思宇,气候变化、长期人力资本积累与收入差距:生命周期视角下的动态传导机制与政策优化研究
王曦,具有内生性的删失数据分位数模型和异质性分位数处理效应模型的识别、估计及应用
邱筠,极端天气影响居民健康的模型、效应与政策调节机制研究
殷子涵,数字产业平台驱动汽车制造业创新升级的演化机制研究
张驰,养老服务公平可及视角下智慧养老影响老年人健康的机制与对策研究
肖月,农业转移人口教育隔离的空间演化机理和调控路径研究
王盼盼,距离与竞合关系对数智医疗平台服务价值的影响机理研究
杨佳铭,平台嵌套与平台型互补者的持续成长研究
孙琪,动态权力结构与非合作行为协同驱动的大群体应急决策共识机制研究
董育森,共同分析师网络与企业高质量发展:基于信息传递的视角
章荧,代际传递的社会政策反馈机制:延迟退休政策与养老保险参保响应
张琳,台风冲击下多模式交通网络耦联失效机制与智能网域管控方法研究
徐东晓,固定资本内生视角下中国碳公平性测度及优化策略
檀之舟,多元共治视角下碳捕集利用与封存效益评估与提升路径研究
章文佩,大学生AI协作模式对人机协同创造力的影响机制及精准引导策略
马为彪,数字经济赋能中心城市引领城市群协同创新的理论机制与影响效应研究
方平,种源安全目标下西部民族地区活态保育与韧性演进机制研究
高斌,地区科学基金项目基于投资者气候情绪的股票价格预测与风险预警研究
黄显雷,政策-市场-社会协同跃迁:中国-东盟生物炭技术跨境流动的非对称三螺旋模型构建与验证
姜涛,信息瀑布与银行股“估值偏低悖论”--行为金融和公司治理视角下的机制与对策研究
宋云玲,公司生物多样性行为现状、影响因素和经济后果研究
王宇,数智技术重构高耗能产业创新生态系统的路径研究--基于“技术一制度”突破视角
张晓敏,新就业形态劳动者的福利效应研究
王鹏,新型基础设施驱动社会资源增进的时空演化机制成效检验
梁英子,新型基础设施驱动社会智能建造的研生产业机理效应检验、作用机制与政策设计
王锋正,数字技术影响资源型企业组织韧性的微观机理--基于数据资产化视角
梁丽娜,链长制政策促进产业链关键核心技术突破的激励机制与政策优化研究
陆牛,基于因果推断的全球城市化对局地气候变化影响及其经济损失
张晚烛,不对称信息环境下大数据定价与监管路径研究
李星晨,考虑非同质性的用能权配额分配及其交易机制研究
王禹,揭开IPO“冗余迷雾”：生成式人工智能、冗余信息披露与新股发行定价
李颖俐,个性化定制下考虑库存平滑的分批冲压和混批焊装协同调控方法
杨贤艳,运输服务下考虑多生产点与不确定需求的生产与运输协同优化研究
叶莉,多极端天气下数据-知识双驱动的新型电力系统安全风险动态预警
吴阳,供应链网络级联失效作用下应急物资组合储备方案可靠性优化研究
杨伟,标准国际化驱动的高技术产业链韧性塑造机制与政策研究
陈相泼,数字适老化对农户气候适应性技术采纳的影响：作用机制与优化路径
王心静,多尺度视域下的长三角城市群物质代谢过程、绩效与适应性管理研究
姚思宇,数智创新生态系统下学术创业的跃迁路径与双重涌现机制研究
全静,电子绩效监控对领导指导行为的‘双刃剑’效应研究：基于监控者视角
高明,国家战略腹地建设下产业链空间重塑的机制与效应研究
郭耿轩,困在手机里：零工工作者数字化孤独的量表开发与动态干预机制研究
王君樵,国土生态空间协同优化:基于生态系统服务外部性测度与模拟
李建豹,多尺度关联视角下长三角地区城乡融合对碳排放的影响力理及调控研究
王慕文,职业中断劳动者养老保险续保决策研究:内生机制与福利优化
范涛,多模态表示学习驱动的非遗文化基因图谱构建与演化知识服务研究
梁晓琴,双循环视角下企业标准创新网络构建及其对国际竞争力的影响机理研究
韩梦锐,双轨监管对科创板IPO研发粉饰行为的治理机制与协同路径研究
龙云,复杂网络视角下文旅融合政策空间扩散的多重机制及效应研究
曾湛荆,沉浸式媒介中旅游者地方导向型临场感的形成机制与效应研究
高尚,复杂关系结构下大型工程项目管理激励机制研究
李舒娴,地方政府债务与银行体系系统性风险管理研究:基于“稳增长”与“防风险”双重视角
申志轩,数字技术标准驱动产业链数字技术创新的理论机制、效应与政策研究
唐一丁,双循环驱动我国制造业低碳转型的耦合动力机制研究:要素一体化与分工多元化视角
田甜,任意还模式下共享汽车重新安置与路径规划方法
王新玉,韧性导向和预测驱动的多渠道采购组合优化
李婷婷,智驾事故责任法规下车企的智驾算法研发投入策略与保险公司的智驾险定价策略研究
刘行,从合并纳税到独立纳税:纳税制度对微观企业行为决策的影响研究
王磊,当AI成为同事--团队适应视角下人智协作团队工作重塑的形成与动态演化机制研究
张同斌,研发资源高效配置与企业高质量创新:基于创新链和产业链融合的视角
李宏冉,可再生能源高渗透率下电网公司供电可靠性价格规制改革:
学公可,机制设计、量化甄别与体系重构
尚晓可,面向心理健康智能评估与干预的生成式学习
韩茂新,GenAI环境下评论用户可信度的推理路径识别与大模型构建研究
范晓青,换电模式下的新能源汽车企业竞合机制研究
于文玉,自信偏好下考虑个性化语义的社会网络群体共识决策方法研究
安敬民,多模态推荐中情感增强的表征建模与公平导向的学习优化
周天璐,AI代码生成产品的安全投资与交易机制研究
金鑫,面向模块化建筑绿色采购的评标机制和智能决策模型研究
郭平,个性化智能信息推荐影响散户交易决策的机制和后果研究
王圣慧,AI面试中应聘者非语言呈现的双刃效应与干预研究
王贝贝,贸易冲击与企业股权关联网络：扩张、传递与韧性
陈昕欣,基于我国医疗资源地区差异的异地就医医保水平优化研究
王童,不可验证结果时激励和汇总主观评估的机制理论与实验研究
王毅,商业银行金融科技赋能与小微企业生存发展质量:理论、实证与政策优化
王群群,中国地方债回弹效应:界定测度、形成机制及风险评估研究
凤迪,效率与公平的权衡:高维离散分配问题的市场设计方法
朱鑫鑫,大模型改变资产组合:调整成本、组合重叠与市场波动
张连奎,跨域传输视角下区域大气污染社会责任识别及协同治理策略研究
王华英,职场人际资本化的共赢路径与增益扩散机制研究
杜勇,跨行共同股东对制造企业数字技术创新的影响机理及其经济后果研究
邓宗兵,城市数字技术网络的形成机制及其对生产率影响研究
谢漾,城市群发展对城市金融风险的影响与金融韧性治理研究
吕之安,中央银行与公众沟通的最优简明性策略:理论构建与实证分析
高印时,不同零售商清仓策略下消费端食品浪费的博弈机理研究
袁佳鑫,基于分布式鲁棒优化的可信集成预测模型与应用研究
赵赛,成本结构和供应链视角下生态标签的福利效应及认证机制研究
郝俊,多模态数据驱动的可解释动态集成预测建模研究
田歆,无人值守门店中自助服务机制、消费者行为和绩效影响的实证研究
杨朦晰,人机协同赋能创新四阶段演进的作用机理研究
朱晓燕,综合需求预测的预测性维修和生产计划联合决策的实时不确定性优化
江金芳,面向介质异质性的空海跨域网络信任管理机制研究
魏腾达,基于“政企户”三方协同治理的农业保险保障水平提升策略研究
吴群,我国工业产业优势地区建设用地要素保障:质效、机理与路径
罗英姿,工学结合对专业学位研究生实践创新能力的影响机制研究
冯淑怡,农业转移人口市民化视角下宅基地利用转型的特征规律、效应测度与政策优化
蓝菁,预期管理视阈下宅基地改革赋能乡村创新创业的机制与路径研究
周剑涛,基于产业关联与空间布局的“集地”入市对城乡产业融合发展的作用机制研究
王思遥,基于生成式人工智能的人机协同学习对大学生高阶思维能力的影响机制及教学干预研究
刘金凤,半城镇化下农村儿童非认知技能发展研究:特征事实、形成机理与政策优化
邹旭,面向资源约束和产业转型的工业用地容积率规制策略与效应研究
樊鹏飞,二轮延包政策实施与农地经营权再配置:作用机理、效果评估与政策优化
李雅文,多模式大数据的联邦智能计算关键技术及应用研究
王砚羽,封锁与突破:组织印记驱动的创新韧性与人工智能企业关键核心技术突破
姜李丹,生成式AI驱动未来产业创新的机制异质性与可信治理研究
楚啸原,中小学生网络欺凌旁观者保护行为形成机制及教育政策适配研究
配研院,配研院
石芸婷,基于远程医疗的医院间合作机制设计及关键资源优化配置研究
侯桑然,核心企业数字适配与链上企业创新协同：现象、影响与效果
王彤,医联网下的院前医疗急救资源配置及优化问题研究
金瑞杨,面向复杂系统的带约束零阶优化算法与理论研究
申梁昌,密集人群失稳传导机制驱动的动力学建模和风险管控策略研究
陈颉绮,基于社会创新视角的乡村旅游地演化过程与机制研究
殷文珺,领导者劣势叙事对低地位团队创新机制的影响研究
李亚娟,民族节事旅游的空间循环实践与多维地方效应研究
胡皓,“双链”融合视角下制造企业数字技术组合的价值实现机理研究
李欣,面向创意生成的技术机会识别研究：基于混合智能的方法
李艳梅,关键产业备份对中西部地区降碳减污的影响机理与效应研究
王菲菲,技术价值内化与外溢视角下科创企业颠覆性潜力动态评估与靶向培育策略研究
卢全莹,经济-社会-环境约束下道路交通部门的低碳转型路径优化与政策评估
杨远韬,供应链重构视角下我国城市碳排放不平等及其减缓策略研究
李靖宇,多模态数据-动力学建模双驱动的金融风险感知测度与群体演化研究
段克然,基于可信数据空间的数据跨行业流通安全风险防控机制及策略研究
林歌歌,全文引文分析视角下科学知识的传播效用测度与动态演化路径识别研究
Rehab Ragay Ahmed Ettabei Esily,The impact and transmission paths of China's digital transformation in balancing environmental pressures with equitable well-being from a multi-scale perspective
英那修,基于理论与实验的中央化市场设计改革：公共招聘与高等教育录取机制的政策启示
李德柜,复杂时间序列计量经济学
周闻宇,投资组合有效边界最小张成集的估计和统计推断：理论与应用
NG WEI XUAN,"Food delivery gig work in China: A re-evaluation of resource-based perspectives to manage role demands, regain job control and attain career thriving"
陆嘉骏,空气污染信息披露的福利效应研究：机制分析与政策评估
王一苇,智能体的应用对企业客服运营管理的影响及机制研究
吴亚奇,多源异质不确定性耦合冲击下的碳金融市场韧性评估与提升策略研究
龙志,洞庭湖区域碳收支空间关系演变与多目标协同分区优化研究
刘华胜,面向通学出行的运输模式优化及局域交通建模与管控策略研究
王洪川,公共服务管理与政策
魏文池,政府预算与财政管理
张芳,智能社会治理的复杂性机理与决策范式
桂天晗,国际组织人员管理机制研究：基于非正式治理的视角
刘志林,时空间行为交互视角下保障房社区的社会融合：模式、机制与治理策略
王聪,气候变化与返贫风险的数量经济分析：理论逻辑、实证证据与政策模拟
张鹏龙,建立农村低收入人口和欠发达地区分层分类帮扶制度的政策体系研究
千家乐,基于因果推断的社区洪涝灾害韧性指标建模与驱动机制研究
岳鹏鹏,家庭债务问题研究：最优负债、风险外溢及个人破产
王倩,数字经济下价格歧视与隐私保护：动态博弈建模及政策优化研究
管星华,国有资本支持地方债务风险化解：模式、效应与优化策略研究
曹少鹏,战略联盟对供应链透明度的影响研究:效应、机制与后果
陈钰瑶,多目标情境下绩效薪酬对员工工作主动性的S形演进机理与多阶段动态干预研究
陈勇吏,消费城市建设背景下共享出行对生活服务空间格局的影响、机制及优化研究
张杰,“技术-制度”协同演化视角下新疆经济跃迁的人工智能驱动机制研究
白俊,债券市场化改革与实体经济财务稳定性研究:市场化风险分担视角
罗小芳,多阶段任务下智能船舶系统性风险耦合动态建模与自适应预警方法研究
杨晓萌,双重创新网络动态演化及其对产业链关键共性技术突破的作用机理研究
邱艳,跨域知识迁移驱动的社交媒体用户抑郁风险多模态预测与干预策略研究
周志翔,面向“众评”信息的评价理论、方法与应用研究
魏方庆,面向碳排放固定和约束的碳排放效率与生产率测度以及碳排放权分配研究
孙雅慧,供应链网络位置与颠覆性技术创新:理论机理、异质影响与演化动态
程昱,数字技术与企业跨地区经营:基于量化空间模型的机制分析与福利效应研究
何浩然,考虑数据安全与模型鲁棒的企业信用风险协同评价方法研究
夏昊翔,面向社交媒体治理的高阶网络中集体行为动态机理研究
于洋,大规模非相关并行机调度问题的精确算法及应用
杨光飞,基于医院环境大数据的呼吸道传染病智能预警方法研究
郭崇慧,基于电子病历时态数据的共病模式分析、临床预测建模与治疗模式挖掘
徐照光,“第三数据”与大模型协同驱动的重大装备故障多模态知识图谱构建与推理方法研究
贺冬冬,车网互动下电动汽车削峰填谷需求响应运营优化与补贴机制研究
陈琦,高附加值农产品平台供应链基于区块链的质量溯源方法研究
刘建伟,面向线下零售场景的生成式人工智能驱动创意生成应用研究:内容分析、管理者采纳与企业动态知识库构建
王建军,数智驱动的多层级医疗系统手术资源协同调度优化研究
徐梦俏,港口中断下全球集装箱海运动态网络韧性评估
冯卓,海外基础设施低碳供应链的布局优化与协同减排机制研究
韩昭君,我国制造企业供应链出海的影响因素、治理机制与溢出效应研究
曲刚,生成式人工智能对软件项目团队创造力的影响:从专业角色识别与交互网络团队构型分析视角
陈雪龙,计划行为理论与双过程理论共同驱动的细粒度网络暴力行为识别与差异化策略组合优化应对模型研究
韩少杰,基于场景的数字创新生态系统涌现机理研究:逻辑、过程与移植
张博,生成式人工智能驱动的即时配送调度方案在线生成方法
张国伟,低质量数据影响下的低空应急网络设计与优化研究
吴纪奕,人机异质决策下城市道路出行需求管理奖励方案优化研究
李树文,双重困境的破解:专精特新企业嵌入关键核心技术生态的过程研究
张晓飞,竞争对手创新失败对医药企业新产品开发的影响研究:AI在“败中学”的赋能作用
董久钰,核心企业管理者“生态系统认知”:概念化、形成机理及对企业创新生态系统构建的影响研究
曹一秋,具有内生性与异质性的交互固定效应面板数据模型的估计、检验与应用研究
钱晨,大规模驾驶数据驱动的人机混合流交通突发事件应急决策支持方法研究
王江波,需求响应出行系统碳排放管理政策及低碳出行诱导策略优化
叶鑫,“十五五”科学基金政务运行体系优化研究
孙玉涛,全球基础研究投入体系与国际竞争力比较研究
吴鹏,数据驱动下考虑服务时空可变的响应式电动公交鲁棒调度研究
谢维,“车电分离”模式下动力电池质保政策设计与运维服务优化研究
陈磊,生产前沿面耦合视角下网络数据包络分析理论、方法及应用研究
林典超,基于智能交通的车辆柔性限行管理机制设计林典超
谢陈昕,专利快速审查制度下的企业创新行为研究
杨玲玲,数智司法执行、胜诉权益兑现与中小企业供应链安全
黄荣义,考虑渠道入侵与平台贷款的电商供应链融资与运营策略研究
付礼鹏,级联灾害下城市安全韧性:异质交互机制、短周期演化规律与提升策略
吴停,考虑用户拼机和电池退化的空中出租车调度与充电协同优化研究
