﻿涉及学科,课题名称,责任单位
马克思主义理论,习近平总书记关于民营经济的重要论述研究,华东师范大学
马克思主义理论,习近平总书记关于共同体的重要论述研究,贵州师范大学
马克思主义理论,《资本论》及其手稿中生产力理论的当代价值研究,江苏大学
马克思主义理论,数智时代马克思主义精神生产理论创新发展研究,福建师范大学
马克思主义理论,思想史视域下恩格斯早期著作研究,兰州大学
马克思主义理论,列宁帝国主义论相关著作的基本逻辑研究,北京大学
马克思主义理论,中国共产党执政能力建设与成效研究,湖南师范大学
马克思主义理论,延安时期马克思主义基本原理同中华优秀传统文化相结合的实践研究,延安大学
马克思主义理论,新民主主义革命时期中国共产党破解“古今中西之争的历史贡献研究,合肥工业大学
马克思主义理论,新时代党的建设标识性概念研究,中共广东省委党校
马克思主义理论,中国式现代化的文化形态研究,太原理工大学
马克思主义理论,中国优秀传统生态法治文化及其现代转化研究,北京师范大学
马克思主义理论,人工智能时代中国特色社会主义文化创新研究,吉林大学
马克思主义理论,中国特色金融文化的价值体系建构与价值实现研究,湖南财政经济学院
马克思主义理论,新时代实现精神上独立自主的学理阐释与实践进路研究,湖南大学
马克思主义理论,大历史观视域下中国共产党人精神谱系的学理化研究,西安交通大学
马克思主义理论,以社会主义核心价值观引领智能向善的理论与实践研究,信阳师范大学
马克思主义理论,人工智能大模型条件下国家文化安全面对的挑战及对策研究,北京交通大学
马克思主义理论,唯物史观视域下中国式现代化的人民性研究,浙江师范大学
马克思主义理论,中国式现代化进程中区域协调发展指标体系构建研究,中北大学
马克思主义理论,革命老区城乡融合发展研究,南昌大学
马克思主义理论,新型消费的合宜性特质及其价值取向研究,南京航空航天大学
马克思主义理论,新时代中国共产党兴边稳边固边的重大成就及基本经验研究,云南农业大学
马克思主义理论,数智时代共建共治共享的社会治理制度效能提升研究,江西师范大学
马克思主义理论,生态韧性治理的制度优化与效能提升研究,上海师范大学
马克思主义理论,数智时代社会化生产的组织形式研究,中共中央党校（国家行政学院）
马克思主义理论,习近平总书记关于教材建设重要论述的学理阐释与实践路径研究,人民教育出版社
马克思主义理论,思政引领力指数构建及其应用研究,清华大学
马克思主义理论,社会主义意识形态建设与进一步全面深化改革研究,大连理工大学
马克思主义理论,生成式人工智能对马克思主义意识形态话语主导权的挑战及对策研究,重庆邮电大学
马克思主义理论,数智社会意识形态领域突出问题协同治理研究,安徽师范大学
马克思主义理论,题目略,宁波大学
马克思主义理论,百年变局下欧美发达国家共产党发展新态势研究,华中师范大学
马克思主义理论,法兰克福学派西方民主危机批判研究,武汉大学
马克思主义理论,印度共产主义运动史研究,中国社会科学院马克思主义研究院
马克思主义理论,革新以来越南共产党管党治党重要文献整理与研究,陕西师范大学
中共党史党建学,中国共产党领导电影文化建设的文献整理与研究,海南大学
中共党史党建学,出版机构与马克思主义著作在中国的早期传播研究（1920-1927）,湖北大学
中共党史党建学,八一南昌起义史研究,南昌大学
中共党史党建学,新四军军工史研究（1937—1947）,陆军工程大学
中共党史党建学,西方学者对中共领导的抗战敌后战场研究评析,同济大学
中共党史党建学,新中国对港澳供应制度研究（1949—2010）,华南师范大学
中共党史党建学,中国共产党维护领袖形象的历史经验研究,武汉理工大学
中共党史党建学,国家治理现代化视域下深化党内法规制度建设改革研究,西南政法大学
中共党史党建学,数智赋能基层微腐败治理的机理与路径研究,青岛大学
哲学,基于最新文本文献的马克思哲学早期发展史研究,中国社会科学院哲学研究所
哲学,公羊学政治哲学研究,同济大学
哲学,历代《大戴礼记》诠释研究,井冈山大学
哲学,中华文明标识体系的取象原则与艺术标的物谱系研究,浙江越秀外国语学院
哲学,广西阳明学的数字文献、思想谱系与言说方式研究,广西大学
哲学,顾炎武《日知录》全注全译与研究,苏州大学
哲学,康有为经学新解的思想张力与儒学现代转型的内在动力研究,曲阜师范大学
哲学,近现代中国哲学理论体系建构中的儒佛对话研究,复旦大学
哲学,维也纳艺术史学派的图像心理学研究,上海师范大学
哲学,康德《形而上学讲义》的编译与研究,湖南大学
哲学,非理想的语言哲学研究,华中科技大学
哲学,十八世纪英国保守主义政治哲学研究,西南大学
哲学,"“城市中国的文明特质""哲学研究",苏州大学
哲学,"“方法论之争""与马克思政治经济学方法论的科学性论证研究",厦门大学
哲学,政治经济学批判语境中的马克思主义认识论及其当代应用研究,厦门大学
哲学,马尔库塞前期著作（1922—1941）的编译与研究,西安交通大学
哲学,应用伦理学五十年的深度研究,西南大学
哲学,去中心化智能规划中的逻辑推理研究,南开大学
哲学,慰藉式哲学的理论建构与实践价值研究,南开大学
哲学,广义认知悖论统一解决方案建构研究,西安交通大学
哲学,我国梵汉藏夏蒙因明文献编目与因明知识体系中国化研究,西南民族大学
哲学,脑机接口技术创新的哲学基础与伦理困境研究,北京大学
理论经济学,中国特色社会主义数据要素产权制度研究,上海大学
理论经济学,作为新质生产力主体的劳动力要素培育和配置研究,安徽大学
理论经济学,政府投资基金引导现代化产业体系建设的理论机制与实现路径研究,湖南师范大学
理论经济学,健全宏观经济治理体系中的政府非税收入管理改革研究,云南大学
理论经济学,中国民营经济思想发展史研究,北京师范大学
理论经济学,城乡融合视角下集体经营性建设用地入市增值收益测算及分配研究,福建师范大学
理论经济学,南疆兵团与地方嵌入式城镇化发展模式及其实现路径研究,中共新疆生产建设兵团委员会党校
理论经济学,数字技术标准引领企业数字化转型的机制与对策研究,黑龙江省社会科学院
理论经济学,数字基础设施促进绿色共同富裕的机制、效应和政策研究,中国人民大学
理论经济学,数据基础设施提升产业链韧性的机制及路径研究,西北大学
理论经济学,数据要素赋能西藏民生保障与农牧民自我发展能力协同机制研究,西藏大学
理论经济学,数实融合赋能制造业全要素生产率提升的机制与路径研究,广东技术师范大学
理论经济学,新兴网络视角下区域间创新联动模式、影响与政策优化研究,暨南大学
理论经济学,数实深度融合赋能产业链现代化的理论与实践路径研究,南京农业大学
理论经济学,经济社会发展全面绿色转型的就业效应与促进策略研究,首都经济贸易大学
理论经济学,教育科技人才一体化视域下创新驱动增长机制与实现路径研究,上海对外经贸大学
理论经济学,财税-货币政策协同对创造就业的影响机理与对策研究,《管理世界》经济研究院
理论经济学,面向全国统一大市场的公共数据区域协同开放机制与路径研究,河南师范大学
理论经济学,"逆全球化背景下以司法审判改革深化“双循环""的路径与对策研究",华东师范大学
理论经济学,重点产业自主开放与单边开放中的利益分配失衡治理及动态协调机制研究,上海对外经贸大学
应用经济学,制度型开放推动新质生产力发展的机制与对策研究,山东理工大学
应用经济学,我国数据资产流通的现实困境、破解路径及体系构建研究,西安理工大学
应用经济学,政府投资基金高质量发展的理论机制与实践路径研究,复旦大学
应用经济学,"“马歇尔冲突""视角下中小微企业""内卷式""竞争研究",四川大学
应用经济学,团体标准引领制造业高端化的机制与政策研究,大连理工大学
应用经济学,电力稳妥转型目标下新能源市场化定价机理及精准调控机制研究,长沙理工大学
应用经济学,平台数字责任对供需双方信任的影响机制研究,广东工业大学
应用经济学,低空经济驱动现代流通体系发展的机理与路径研究,郑州航空工业管理学院
应用经济学,生成式人工智能诱发的平台经济信任危机演化机制及治理体系研究,哈尔滨工业大学
应用经济学,我国算力碳锁定的多重潜在风险与防治研究,安徽财经大学
应用经济学,"基于""产业—技术—制度""分析框架的新中国工业化史研究",中国社会科学院工业经济研究所
应用经济学,集群式融入全球创新网络与中国企业前沿技术赶超的路径研究,南京财经大学
应用经济学,中国数字经济产业的税收贡献与税收治理研究,广西大学
应用经济学,"气候变化""双重风险""对财政韧性影响机制及治理对策研究",山东财经大学
应用经济学,数字经济新业态下破解地区间财力失衡的税收治理机制研究,西安交通大学
应用经济学,大国博弈不确定性在供应链中的传导机制、风险预警及应对策略研究,西南财经大学
应用经济学,算法视角下提振消费政策对企业高质量发展的效应及机制研究,上海立信会计金融学院
应用经济学,特朗普第二任期人民币国际化的推进路径研究,福州大学
应用经济学,新型货币政策调控机制研究,吉林大学
应用经济学,"“三医协同""目标下医保高质量发展的机制优化与路径创新研究",对外经济贸易大学
应用经济学,金融科技影响全面绿色转型的结构效应与政策优化研究,浙江工商大学
应用经济学,高水平双向开放背景下我国金融领域新型风险传导与防控研究,上海外国语大学
应用经济学,20世纪30年代大萧条时期的关税冲击、政策风险与中国银本位制崩溃的历史研究,北京大学
应用经济学,节能降碳政策促进企业高质量减碳的协同效应及优化策略研究,华中师范大学
应用经济学,要素协同配置驱动经济绿色转型的机制与路径研究,南京航空航天大学
应用经济学,战略性矿产资源产业链生态重构及协同发展研究,成都理工大学
应用经济学,数智技术驱动文旅全产业链融合发展的机制与路径研究,湖南大学
应用经济学,居民数字素养促进文旅消费的内在机制与实现路径研究,华东师范大学
应用经济学,新就业形态下平台算法治理及劳动权益保障研究,华南师范大学
应用经济学,我国跨境电商外仓供应链韧性研究,南京信息工程大学
应用经济学,美国优先贸易政策对中国产业链供应链国际合作的重大挑战与对策研究,浙江工业大学
应用经济学,数据要素赋能农村电商高质量发展的机制、效应与对策研究,湖南工商大学
应用经济学,人工智能驱动农业产业链韧性提升的机制与政策研究,临沂大学
应用经济学,土地二轮延包试点效果评估与政策优化研究,湖南财政经济学院
应用经济学,"“粮食—经济—生态""协同下粮食产销区省际横向利益补偿机制研究",中国农业科学院农业经济与发展研究所
应用经济学,城乡金融协同支持农业全要素生产率提升的机制与政策优化研究,云南财经大学
统计学,数字技术融入制造业产业链的效应测度与实现路径研究,浙江工商大学
统计学,全球资产负债核算与中国外部风险测度及防范研究,山西财经大学
统计学,实体经济和数字经济融合程度测算、效应评价与政策协同研究,浙江财经大学
统计学,典型牧区中国式现代化水平的统计测度与提升路径研究,内蒙古财经大学
政治学,全过程人民民主在基层实践中的贯通机制研究,南京理工大学
政治学,大党独有难题的基层表现及其破解路径研究,深圳大学
政治学,伊朗伊斯兰革命后伊朗主要政要手稿资料研究,温州大学
政治学,社会冲突精细治理模式及其政治生态建构研究,国家教育行政学院
政治学,资源约束下地方政府创造性执行的体系构建与效能提升研究,南开大学
政治学,边疆治理共同体建设的情感生成机制与培育路径研究,云南大学
政治学,地方政府碳达峰试点政策创造性执行的行动逻辑及优化策略研究,湖南师范大学
政治学,"应急决策中人工智能""双刃剑""效应的生成机理与治理策略研究",西北大学
政治学,公立医院法人治理结构与腐败内部防控的契合机制研究,温州大学
政治学,重大突发公共事件处置保障体系的系统集成与韧性提升研究,西安交通大学
政治学,人口减缩地区农村公共服务高质量高效能供给及其实现机制研究,浙江财经大学
政治学,战略主动视域下以一个中国原则规制国际涉台事务研究,苏州大学
法学,新时代中国宪法解释实践探索及其理论阐释研究,上海交通大学
法学,中国宪法学自主知识体系建构研究,清华大学
法学,中国式现代化视野下法检律一体化伦理体系建构研究,中南大学
法学,法律规则的计算机表达研究,中国人民大学
法学,司法人工智能的可解释性难题研究,浙江大学
法学,人工智能侵权责任研究,清华大学
法学,"民法典""准合同""视域下的规则协调研究",苏州大学
法学,开源大模型中共创主体间知识产权权益配置机制研究,厦门大学
法学,企业破产法与新公司法的理念融合与制度衔接研究,首都经济贸易大学
法学,民事司法解释中特殊句式条文再解释方法论研究,湖南大学
法学,商组织法视角下公司法责任理论和规则重塑研究,宁波大学
法学,西北干旱区用水权配置优化研究,新疆维吾尔自治区社会科学院
法学,面向体系与实践的中国民法方法论研究,华东政法大学
法学,"“技管结合""的现代司法鉴定制度法治化重塑研究",中国政法大学
法学,生成式人工智能安全发展的刑法立体保障体系研究,东南大学
法学,数字时代司法公共表达的范式转换与路径优化研究,中南大学
法学,国家安全执法司法能力现代化研究,华东政法大学
法学,维护金融安全视域下惩治洗钱犯罪研究,北京大学
法学,中国特色刑罚从宽制度构建研究,浙江工商大学
法学,民事繁案审判方式改革实证研究,四川大学
法学,教育法典编纂中的学校组织法治体系研究,中南大学
法学,国有资源产权制度改革的法理创新与法制变革研究,北京大学
法学,促进具身智能发展的法律适配研究,南开大学
法学,战略性矿产资源安全保障法律体系构建研究,山西大学
法学,政府合同公权利和公权力规则的体系化研究,东南大学
法学,中国经济法学自主知识体系建设的学术逻辑与理论进路研究,西南财经大学
法学,关键矿产供应链安全困境与中国法治应对路径研究,南京师范大学
法学,国内法域外适用与冲突法方法的协调研究,南京大学
法学,敦煌古藏文文献中的多民族法治文化共同体研究,西北民族大学
法学,新中国司法制度形成机制研究（1949—1958）,山东大学
法学,"中国""哀矜折狱""司法传统及其现代转化研究",河南财经政法大学
法学,中国家事习惯权利研究,广州大学
法学,中国权利理论建构的传统文化基础研究,吉林大学
社会学,马克思主义社会建设理论与中国式社会现代化研究,杭州师范大学
社会学,"""两个结合""视域下中国社会工作自主理论构建路径研究",贵州大学
社会学,数智时代网络调查方法的创新与应用研究,南京大学
社会学,中国公众环境素养培育机制与路径研究,厦门大学
社会学,社会学史中的知识记忆与遗忘研究,华中师范大学
社会学,数智时代青年群体的时间观及未来预期研究,中央民族大学
社会学,国家话语体系建设中词语隐性情感色彩的治理对策研究,西安交通大学
社会学,新发展社会学视角下乡村全面振兴实施路径研究,武汉大学
社会学,我国城市家庭财产纠纷的多元化解机制研究,北京大学
社会学,农业转移人口市民化动力机制创新研究,广东省社会科学院
社会学,数智医疗背景下医患关系的治理路径研究,温州医科大学
社会学,国际比较视野下数智技术应用中的社会因素研究,中山大学
社会学,人工智能企业技术创新的社会基础研究,中共浙江省委党校
社会学,数字时代新就业群体社会融合的协同治理机制研究,山东理工大学
社会学,新就业群体的社会工作服务体系研究,南开大学
社会学,新就业形态劳动者职业韧性的影响因素和发展路径研究,四川大学
社会学,数字零工群体社会融入的范式转型与政策调适研究,北京师范大学
人口学,数智技术对老年人口消费的影响效应研究,首都经济贸易大学
人口学,中国家庭育儿成本的分配、分担与家庭决策研究,中国人民大学
人口学,当代中国农村老年家庭养老风险动态跟踪与韧性治理研究,西安交通大学
人口学,人工智能技术变革对我国劳动力空间再分布的影响及对策研究,上海师范大学
民族学,马克思主义经典作品的民族志属性及其当代意义研究,中央民族大学
民族学,中国古代正统观的演变与中华民族多元一体格局的形成研究,邵阳学院
民族学,中国古代少数民族对于大一统思想的理论贡献研究,陕西师范大学
民族学,汉晋时期西南边疆军事建制及影响研究,云南民族大学
民族学,唐蕃古道沿线民族融合的历史实证研究,兰州大学
民族学,海外侨胞权益保护与铸牢中华民族共同体意识研究,暨南大学
民族学,粤港澳大湾区铸牢中华民族共同体意识理论与实践研究,广东技术师范大学
民族学,河西走廊多民族共享文化符号研究,北方民族大学
民族学,石刻资料所见十六国北朝民族互动与交融研究,陕西师范大学
民族学,中国藏南（达旺）地名抢救与整理研究,西藏大学
民族学,关于欧美旅行家在卫拉特蒙古地区的游记文献的翻译整理及研究（19—20世纪初）,西北民族大学
民族学,印度藏西夏文物调查、研究与数据库建设,北京服装学院
民族学,数智技术视域下民族文化生态保护区协同发展的实现机制研究,贵州民族大学
区域国别学和国际问题研究,马克思主义国际关系理论视角下的西方主流国际关系理论及其批判借鉴研究,复旦大学
区域国别学和国际问题研究,题目略,中国国际问题研究院
区域国别学和国际问题研究,中国投资发展中国家与其可持续性发展的经济逻辑研究,首都经济贸易大学
区域国别学和国际问题研究,国际法律武器化及其应对策略研究,中国政法大学
区域国别学和国际问题研究,贸易政策武器化背景下中国海外利益的风险预警、防控与保护机制研究,上海对外经贸大学
区域国别学和国际问题研究,中国贸易反制措施的全球价值链重构效应研究,武昌理工学院
区域国别学和国际问题研究,全球粮食危机诱发多重风险的快速识别及中国应对策略研究,江西财经大学
区域国别学和国际问题研究,大国博弈背景下的芬太尼全球治理及中国对策研究,浙江中医药大学
区域国别学和国际问题研究,全球供应链重构背景下我国国际物流通道的治理机制研究,重庆交通大学
区域国别学和国际问题研究,大国战略竞合新态势对美元和人民币国际地位的影响研究,中国社会科学院世界经济与政治研究所
区域国别学和国际问题研究,"“新右翼""崛起的跨国外溢对国际政治的影响机制与应对路径研究",同济大学
区域国别学和国际问题研究,全球关键矿产博弈态势与中国供应安全研究,中国社会科学院世界经济与政治研究所
区域国别学和国际问题研究,美国印太军事基地体系调整趋势及其对中国国家安全影响研究,中南财经政法大学
区域国别学和国际问题研究,美国与联合国的关系及其对国际秩序的影响研究,中国现代国际关系研究院
区域国别学和国际问题研究,美国关键矿产安全联盟战略与我国应对研究,复旦大学
区域国别学和国际问题研究,美苏军备竞赛与军备控制经验教训及其现实启示研究,清华大学
区域国别学和国际问题研究,"“亚洲想象""的地缘话语比较与周边命运共同体构建研究",中国传媒大学
区域国别学和国际问题研究,俄罗斯外交政策非西方化调整与中俄美关系发展前景研究,中国社会科学院俄罗斯东欧中亚研究所
区域国别学和国际问题研究,21世纪土耳其、沙特、伊朗、阿联酉在非洲的竞争及相关政策研究,兰州大学
区域国别学和国际问题研究,文明互鉴视野下的俄罗斯中国儒学阐释研究,黑龙江大学
区域国别学和国际问题研究,中蒙俄经济走廊农产品供应链安全研究,内蒙古财经大学
中国历史,中国科举制度建设与古代国家治理研究,北京师范大学
中国历史,隋唐墓志典故选择偏好与身份建构研究,中央民族大学
中国历史,徽州宗族历史地理研究（618—1911）,安徽大学
中国历史,江南义庄史研究（1049—1952）,苏州工学院
中国历史,宋代以来海神信仰与东南沿海区域社会研究,复旦大学
中国历史,明清岭南地区商帮与边疆治理的参与机制研究,暨南大学
中国历史,明清政务运作和社会治理中的揭帖研究,浙江师范大学
中国历史,清代黑龙江镇边军档案整理与研究,黑龙江省档案馆
中国历史,清代以降华北地区计量单位的地方化与统一化研究,山西大学
中国历史,"“进化""观念与近代中国历史转型的思想整合机制研究",清华大学
中国历史,近代店员团体和基层治理文献整理与研究,郑州大学
中国历史,近代华北商会网络与区域城市发展研究（1903—1950）,天津社会科学院
中国历史,近代中国边疆民族地区国家通用语文教育的历史考察,北京师范大学
中国历史,近代日本探查中国西部边疆文献整理与研究,青海民族大学
中国历史,日本馆藏侵华日军军用动物档案的翻译、整理与研究,广西大学
中国历史,战时延安中国史读物研究,华东师范大学
中国历史,杨树达年谱长编,湖南师范大学
中国历史,中华文明脉络中的台湾建筑遗产识别、特征及价值研究,清华大学
中国历史,实测地图资料所见民国珠江三角洲城乡聚落地理与市场体系研究,广东省社会科学院
世界历史,加洛林条令文献翻译与研究,北京大学
世界历史,"18世纪法国""中国热""文献整理与研究",浙江大学
世界历史,奴隶制与美国早期国家认同研究（1789—1860）,武汉大学
世界历史,19世纪美国城市社会治理的历史研究,上海大学
世界历史,20世纪跨国知识转移与美国全球权力的构建研究,湖南师范大学
考古学,陕西中部富平石川河流域旧石器时代遗址群考古资料整理与研究,陕西省考古研究院
考古学,泥河湾盆地石沟旧石器遗址2015年—2019年考古发掘报告与综合研究,辽宁大学
考古学,黄淮下游地区新石器时代早期人骨考古学研究,山东大学
考古学,延安芦山峁遗址考古资料整理与研究,西北大学
考古学,甘肃临洮马家窑遗址考古发掘资料整理与研究,中国社会科学院考古研究所
考古学,黄陂郭元咀遗址发掘资料的整理与研究,湖北省文物考古研究院（湖北考古博物馆）
考古学,郑州商都书院街墓地发掘资料整理与研究,郑州市文物考古研究院
考古学,秦直道陕西段考古报告编写与研究,咸阳师范学院
宗教学,边疆治理视域下藏传佛教中国化的演进逻辑与实践机制研究,青海民族大学
宗教学,中国佛教判教史研究,河北工程大学
宗教学,基督教在我国少数民族中传播的新态势调查研究,云南省社会科学界联合会
宗教学,西夏文《观无量寿佛经甘露疏》研究,中国社会科学院世界宗教研究所
宗教学,伊斯兰思想史研究,青海民族大学
宗教学,中亚北亚原始宗教研究及多语种文献检索目录汇编,西北民族大学
宗教学,宗教改革与英国现代化研究,华南师范大学
中国文学,"马克思""美的规律""学说的文明内涵研究",吉林大学
中国文学,陶渊明资料分类编年与案例研究,山东大学
中国文学,中国触感美学的问题谱系与理论建构研究,重庆师范大学
中国文学,青藏高原各民族神话资料搜集整理与研究,中央民族大学
中国文学,白居易诗歌校注汇评与编年系地研究,中国社会科学院文学研究所
中国文学,苏轼全集编刻源流考论,江西财经大学
中国文学,《苕溪渔隐丛话》汇校笺证及研究,安徽师范大学
中国文学,元杂剧版本源流考论与数据平台建设,武汉大学
中国文学,朱彝尊集部之学研究,南京大学
中国文学,清代述学诗文献集成与研究,河南大学
中国文学,近代文学中的世界图景研究,河南师范大学
中国文学,通俗教育研究会与五四文学的发生研究,山东师范大学
中国文学,现代散佚女性诗歌史料整理与研究,首都师范大学
中国文学,实用论文学观视域下中国近代小说的转折与展开研究（1895—1918）,宁夏大学
中国文学,晚清民初中国小说现代转换的语境与路径（1898—1918）,华中师范大学
中国文学,当代中国文学会议史研究,杭州师范大学
中国文学,鲁迅与中国遗民文化研究,绍兴文理学院
中国文学,近现代报刊语境中的鲁迅文学行为研究,深圳大学
中国文学,抗美援朝文艺研究与文献整理,南昌大学
中国文学,中国基督教大学新文学教育史论（1890—1952）,华东师范大学
中国文学,"茅盾文学奖""再生文本""的文献整理与研究",河南大学
中国文学,陈映真与20世纪左翼文学传统研究,中国作家协会
中国文学,兵团文艺史料整理与研究,塔里木大学
中国文学,云南多民族说唱文学交融与中华文化凝聚研究,云南大学
中国文学,百年欧美中国词学学术史研究,武汉大学
中国文学,欧美稀见明代集部文献整理与研究,上海师范大学
中国文学,日本《尚书》学研究,浙江外国语学院
中国文学,日本春秋学要籍叙录与研究,广东外语外贸大学
外国文学,百年新西兰文学演进与社会转型研究,上海理工大学
外国文学,现当代美国戏剧的经济叙事伦理研究,中南财经政法大学
外国文学,当代美国黑人小说幽默叙事的诗学建构与文化政治研究,广东外语外贸大学
外国文学,英国现代主义小说厚时政治研究,山东大学
外国文学,近代日本人的中国游记研究,清华大学
外国文学,17世纪法国的文学资本及其历史话语权研究,华中师范大学
外国文学,当代西方文论情动转向与创伤文学研究,广西师范大学
外国文学,全球南方视域下英国近现代小说地缘政治书写研究,南阳师范学院
外国文学,俄罗斯文学的计量研究及数智化转型,浙江大学
外国文学,印巴分治小说研究,国防科技大学
语言学,中文大语言模型的副语言能力评测研究,中国社会科学院语言研究所
语言学,中华文化核心概念多语种多模态译介认知机制研究,湖南工程学院
语言学,多语种样本论元结构变异机制的类型与共性研究,山东财经大学
语言学,基于大语言模型的汉英非字面义计算及应用研究,大连理工大学
语言学,语言障碍儿童汉语叙事能力标准化评估工具的开发研究,厦门大学
语言学,抑郁症患者认知情感障碍及其人际语用多维干预研究,广东外语外贸大学
语言学,语音感知视角下的人工智能合成语音适老化策略研究,同济大学
语言学,汉代《诗》注同训词条的系联及其方法论研究,江苏师范大学
语言学,《说文段注》汇校与辨证研究,中国人民大学
语言学,敦煌西域写本文献字用形态及字词关系研究,南京师范大学
语言学,明清数学知识翻译史研究,贵州师范大学
语言学,英汉隐转喻的认知功能体系构建及跨语言应用研究,北京外国语大学
语言学,时间与情态的内在一体性及其句法语义动态关联的英汉对比研究,湖南大学
语言学,英汉量级效应演变的认知对比研究及应用探索,山东师范大学
语言学,神经科学视角下智能外语教学系统要素研究,华侨大学
语言学,基于语料库的汉英名词短语句法-语义认知对比研究,重庆大学
语言学,近代汉语认识情态表达形式与演变研究,温州大学
语言学,基于微观语义特征的《虚词语义源流词典》编撰及语义源流关系梳理研究,江西师范大学
语言学,基于音系对比特征算法的汉语方言系统发生学研究,陕西师范大学
语言学,方言和类型学视角下的汉语动词小称范畴研究,北京语言大学
语言学,东南亚闽南方言语法深度调查与多维研究,集美大学
语言学,汉语中介语语法偏误的大语言模型分析与人机共识研究,复旦大学
语言学,中原官话汾河片方言形态句法的类型学研究,山西师范大学
语言学,俄汉语言文化核心概念谱系构建与对比研究,国防科技大学
语言学,蒙古族语言学文献遗产的整理与理论构建研究,内蒙古大学
语言学,14世纪《国王词典》蒙古语词汇研究,内蒙古师范大学
语言学,人工智能辅助的民族语发声类型多模态研究,上海师范大学
语言学,语言接触理论视域下西夏译经藏式词接触模式研究,北方民族大学
语言学,藏语语法典籍文献搜集整理与数字化研究,青海师范大学
语言学,东亚语言同源异构的类型化推衍研究,山东大学
新闻学与传播学,共产国际对中国共产党新闻宣传理论与实践的影响研究（1920—1943）,河北大学
新闻学与传播学,中国互联网政策变迁研究,广西大学
新闻学与传播学,当代中国应用新闻学理论范式构建研究,安徽大学
新闻学与传播学,中国新闻学自主知识体系的历史演进研究（1903—2025）,天津师范大学
新闻学与传播学,香港进步报刊的阅读共同体建构及其社会影响研究（1931—1949）,广州大学
新闻学与传播学,中国共产党抗战大后方新闻史研究（1937—1945）,西南政法大学
新闻学与传播学,文化主体性视域下中国公共传播理论的体系化建构研究,中国社会科学院中国社会科学杂志社
新闻学与传播学,"健康传播领域""智能鸿沟""的风险评估及其弥合路径研究",暨南大学
新闻学与传播学,"基于生成式人工智能的""中国故事""跨文化适配模型研究",中国人民大学
新闻学与传播学,数智化传播基础设施对健康老龄化的影响机制研究,厦门大学
新闻学与传播学,"西方社交机器人涉华舆论“双链操控""机制与中国应对方案研究",内蒙古大学
新闻学与传播学,国际社交媒体用户对华认知的壁垒破解与信息融通研究,西北大学
新闻学与传播学,国际涉华虚假信息传播机制及其应对策略研究,中国社会科学院新闻与传播研究所
新闻学与传播学,数智化治理视域下城市社区情感共同体的媒介化建构研究,湖北大学
信息资源管理与文献学,数智化背景下目录学变革与学科体系重构研究,南开大学
信息资源管理与文献学,中国古代类书的知识组织与应用研究,四川大学
信息资源管理与文献学,面向治理现代化的档案工作责任制构建与应用研究,吉林大学
信息资源管理与文献学,总体国家安全观视域下我国档案开放制度体系构建研究,武汉大学
信息资源管理与文献学,中国特色世界一流公共图书馆建设的理论与实践研究,中山大学
信息资源管理与文献学,数据要素可信流通治理机制研究,郑州大学
信息资源管理与文献学,人工智能大模型驱动的学术评价可信性增强机制与实现路径研究,杭州电子科技大学
信息资源管理与文献学,基于领域集体智慧挖掘的颠覆性范式变革预测研究,南京大学
体育学与健康管理,新质生产力赋能全民健身公共服务体系布局优化与高质量发展研究,福建师范大学
体育学与健康管理,中国体育学科自主评估体系研究,河南大学
体育学与健康管理,中国特色体育国际传播的理论体系与实践路径研究,武汉体育学院
体育学与健康管理,"“体育生态文明""的理论建构与实践研究",清华大学
体育学与健康管理,国际体育秩序变革的中国角色与策略研究,深圳大学
体育学与健康管理,基于国际话语权提升的中国国际体育组织人才培养研究,辽宁师范大学
体育学与健康管理 题目略,nan,中央民族大学
体育学与健康管理,我国学生体质强健计划实施的关键问题与路径研究,湖南师范大学
体育学与健康管理,我国户外运动安全风险研判与系统防控研究,常州大学
体育学与健康管理,近现代教育思潮对中国学校体育改革与发展的影响研究,浙江师范大学
体育学与健康管理,民族地区学校体育促进铸牢中华民族共同体意识的路径研究,沈阳体育学院
体育学与健康管理,人工智能赋能孤独症儿童家庭运动干预策略构建与实证研究,广州体育学院
体育学与健康管理,象棋文化对外传播的话语体系研究,江西师范大学
管理学,我国战略腹地的安全韧性演化机理与治理策略研究,华中科技大学
管理学,数智技术驱动公共管理范式转型的理论重构、实践路径与计算实验研究,北京师范大学
管理学,人工智能赋能政府监管的效能、挑战与策略研究,西安交通大学
管理学,中国新就业形态劳动者权益协同保障路径研究,浙江师范大学
管理学,面向关键核心技术突破的企业竞合策略、治理模式与政策优化研究,河南师范大学
管理学,都市圈环境治理体系的智慧同城化转型机理及路径研究,电子科技大学
管理学,政府性融资担保赋能民营科技企业的信贷效应及其风险管控研究,浙江工商大学
管理学,耐心资本助推早期高科技企业突破生存困境的机制与路径研究,北京科技大学
管理学,数据资源人表促进民营科技企业发展新质生产力的机理与对策研究,厦门大学
管理学,"以产业链协同破解制造业""内卷式""竞争的机制与政策研究",江苏省社会科学院
管理学,"概念验证中心破解科技成果转化""最初一公里""难题的实现机制研究",盐城师范学院
管理学,"“双链融合""视角下产业链融通创新驱动关键核心技术突破的机制、路径与治理研究",北京工商大学
管理学,"“人工智能+制造业""生态系统的价值共创机制与推进策略研究",电子科技大学
管理学,碳市场跨国连接对新能源供应链韧性影响及政企协同机制研究,浙江工商大学
管理学,面向未来产业的企业技术创新与商业模式创新协同演化机制与路径研究,哈尔滨工程大学
管理学,四链融合促进企业关键核心技术突破的实现路径与保障政策研究,四川大学
管理学,嵌入式人工智能增强制造企业数字创新过程的机制与路径研究,南京财经大学
管理学,"垂直大模型突破专精特新企业""孤岛效应""的新模式与路径优化研究",杭州电子科技大学
管理学,促销文本助推人工智能推荐的语言驱动机制研究,福州大学
管理学,混合团队创新中人工智能体赋能悖论的突破路径与治理策略研究,南京财经大学
管理学,数据要素市场交易的多重信任危机与破解对策研究,华北水利水电大学
管理学,企业家精神对专精特新企业自主创新的作用机理及政策优化研究,华东理工大学
管理学,大食物观视角下耕地资源再配置的驱动过程、格局重塑与适应机制研究,东北大学
管理学,乡村生态产品价值实现的数据要素赋能机制与政策研究,江西师范大学
管理学,员工申诉的劳动关系问题源头治理研究,湖南大学
管理学,人工智能大模型嵌入基层治理的风险防范机制研究,湖南农业大学
管理学,通用人工智能下知识型劳动者就业转型困境及人机协作增强破解策略研究,首都经济贸易大学
管理学,低空经济背景下大规模低空飞行的生态安全风险特征及数智防控研究,中南大学
管理学,通用人工智能技术扩散对非程式化劳动的替代逻辑与政策干预研究,山东女子学院
管理学,生态环境治理制度韧性的生成机理与优化路径研究,暨南大学
管理学,"“共识—政策""共生演化视角下土地增值收益分配改革的逻辑进路研究",南京审计大学
管理学,特朗普第二任期背景下我国光伏产业链安全风险治理研究,中国地质大学（武汉）
管理学,数智赋能集体林权制度系统性改革的机制与实现路径研究,福建农林大学
管理学,面向低空运输的空域资源动态优化、适配政策及其弹性治理路径研究,长安大学
管理学,"农业新质生产力驱动""粮-地-人""复杂系统价值共创研究",河南财经政法大学
管理学,边疆牧区电商企业联农带农机制与模式优化研究,内蒙古财经大学
管理学,人工智能大模型赋能循环经济产业链韧性机制与组态路径研究,天津理工大学
管理学,我国粮食全产业链脆弱性风险监测预警及阻断路径研究,西南大学
管理学,"区域""双碳""治理决策的质量形成机理及跃迁策略研究",江苏大学
管理学,人工智能赋能制造业单项冠军企业培育的机制、路径与政策优化研究,东北大学
管理学,家族企业多世代协作治理模式的不确定性问题研究,东华大学
管理学,数字孪生赋能服务型制造生态构建与价值共创机制研究,湖南大学
古典学,简帛经部文献集成研究,山东大学
古典学,"《通典》“丧服议""疏证及研究",重庆大学
古典学,"《春秋》学""以例解经""研究",华南师范大学
古典学,《经义述闻》稿刻本深层次整理与研究,浙江大学
古典学,古希腊法律法规汇编翻译与研究,海南大学
古典学,阿里斯托芬谐剧中的政治哲学研究以及《云》和《鸟》译笺,北京第二外国语学院
古典学,《摩奴法论》译注与研究,重庆大学
科学技术与社会,总体国家安全观下中西部地区科学中心网络构建研究,三峡大学
科学技术与社会,国际科技合作下技术依赖对中国科技安全韧性的影响及提升路径研究,山东师范大学
科学技术与社会,受算法控制或影响的弱势群体权益法治保障研究,厦门大学
科学技术与社会,新型举国体制下民营企业颠覆性科技创新的生成机制与政策研究,中南大学
科学技术与社会,基于多源异构数据的科技史知识图谱构建与实证研究,上海交通大学
科学技术与社会,数字人文视域下全简文数据库的构建与应用研究,西北大学
科学技术与社会,明清中国海防军事技术史研究,河南科技大学
科学技术与社会,17—18世纪针灸知识在欧洲的传播、接受与重塑研究,中国中医科学院针灸所
科学技术与社会,中国近代铁路技术文献整理与研究,内蒙古师范大学
