涉及学科,课题名称,责任单位
马克思主义理论,四川藏区学习宣传习近平文化思想实践案例研究,四川省社会科学院
马克思主义理论,习近平总书记关于青藏高原生态保护重要论述的学理化研究,电子科技大学
马克思主义理论,新时代中国特色边疆治理范式转型与方法创新研究,新疆财经大学
马克思主义理论,西部自然保护区乡村振兴的现实困境与突破路径研究,贵州理工学院
马克思主义理论,毛泽东用典的范本价值研究,四川旅游学院
马克思主义理论,延安时期中国共产党婚姻家庭道德教育研究,延安大学
马克思主义理论,延安时期红色金融服务生产建设的实践探索与当代价值研究,中国延安干部学院
马克思主义理论,长征文物保护与利用研究,贵州师范大学
马克思主义理论,中央苏区乡村文化建设的历史考察及当代价值研究,江西理工大学
马克思主义理论,铸牢中华民族共同体意识的日常生活化研究,西安工业大学
马克思主义理论,数字赋能西部农村低收入群体增收机制研究,甘肃农业大学
马克思主义理论,数智赋能民族地区中华民族共同体话语体系创新研究,新疆师范大学
马克思主义理论,中国式现代化背景下内蒙古地区中华文化认同研究,内蒙古科技大学
马克思主义理论,“千万工程"经验赋能边疆生态富民的在地化借鉴与创新路径研究,新疆财经大学
马克思主义理论,西部地区新型农村集体经济联农带农机制与模式研究,西安理工大学
马克思主义理论,党和国家功勋荣誉表彰的精神引领成效及提升路径研究,中国井冈山干部学院
马克思主义理论,北部边疆地区农村共同富裕的现实困境与突破路径研究,中共内蒙古自治区委员会党校
马克思主义理论,西部边疆县域共同富裕的理论创新与实践进路研究,内蒙古农业大学
马克思主义理论,数实融合下西部农村集体经济与乡村治理协同发展研究,延安大学
马克思主义理论,西南边境地区农业新质生产力驱动特色产业富民的机制与路径研究,桂林理工大学
马克思主义理论,西南边疆地区生态富民的推进策略研究,四川大学
马克思主义理论,红色文化铸牢中华民族共同体意识研究,西北师范大学
马克思主义理论,新疆红色文化遗产赋能中华民族共同体意识教育研究,新疆师范高等专科学校
马克思主义理论,西南边疆民族地区习近平文化思想传播叙事研究,云南师范大学
马克思主义理论,西南少数民族传统生态文化中的中华民族共同体元素研究,遵义医科大学
马克思主义理论,边疆民族地区社会治理现代化的实现机制研究,内蒙古农业大学
马克思主义理论,中华文明标识体系构建的甘肃实践路径研究,兰州大学
马克思主义理论,题目略,新疆大学
马克思主义理论,中国式现代化进程中西南民族地区乡风文明建设的优化路径研究,贵州师范大学
马克思主义理论,题目略,新疆和田学院
马克思主义理论,西南民族地区传统廉洁文化资源挖掘及数智化开发研究,云南财经大学
中共党史党建学,中国共产党领导西藏工作历史经验研究,西藏自治区社会科学院
中共党史党建学,土地革命战争时期中国共产党党内教育培训研究,中国井冈山干部学院
中共党史党建学,中国工农红军女红军群体的革命经历与历史作用研究,河西学院
中共党史党建学,长征时期西南地区统战工作对中华民族共同体形塑的历史贡献研究,中共四川省委党校
中共党史党建学,琼崖革命根据地历史文献资料搜集、整理与研究（1927—1950）,琼台师范学院
中共党史党建学,红军长征地理知识图谱构建与应用研究,贵州医科大学
中共党史党建学,延安时期中国共产党民生建设的实践探索与基本经验研究,闽南师范大学
中共党史党建学,延安时期党内政治文化建设及其经验启示研究,陕西科技大学
中共党史党建学,华北地区抗战遗址保护与红色文化资源活化利用研究,延边大学
中共党史党建学,抗战时期陕甘宁边区党政军民一体化社会治理体系及当代价值研究,中共甘肃省委党校
中共党史党建学,陕甘宁边区防灾救灾历史经验研究（1937—1948）,陕西科技大学
中共党史党建学,中共中央西北局领导陕甘宁边区灾荒救治工作研究（1941—1949）,中国延安干部学院
中共党史党建学,川渝地区三线工业遗产数字活化利用机制及路径研究,成都信息工程大学
中共党史党建学,新中国成立以来党推动南繁种业科技建设的历程与基本经验研究,海南大学
中共党史党建学,海南自贸港新兴领域党的建设实践模式与优化路径研究,琼台师范学院
中共党史党建学,乡村全面振兴中新疆驻村第一书记职能转型研究,新疆农业大学
中共党史党建学,党建引领西部高校深化教育综合改革的策略研究,重庆师范大学
中共党史党建学,党建引领民族互嵌式社区治理共同体构建研究,四川大学
中共党史党建学,新时代中华民族历史观研究,云南大学
哲学,马克思主义哲学视域下人工智能的知识生产研究,兰州大学
哲学,《淮南子》生态哲学思想研究,西南民族大学
哲学,明清关中易学研究,西北大学
哲学,蜀中王学研究,四川大学
哲学,《新刊性理大全》之《正蒙》三种注本文献整理与思想研究,内蒙古师范大学
哲学,模糊性的认知主义理论研究,陕西师范大学
哲学,贺麟翻译哲学的中西对话与理论体系构建研究,西华大学
理论经济学,公共数据共享赋能西部地区财政韧性提升的机制与对策研究,内蒙古大学
理论经济学,西部地区创新生态系统赋能旅游业数智化的理论机制与实现路径研究,重庆邮电大学
理论经济学,技术标准引领西部陆海新通道制度型开放的机制与路径研究,西南大学
理论经济学,边疆地区社会保障促进人口安全的适配路径与政策研究,四川师范大学
理论经济学,县域经济辐射驱动城乡融合发展的机制与路径研究,西南林业大学
理论经济学,共生视角下西部县域富民产业协同发展的机制与路径研究,西北农林科技大学
理论经济学,数农融合赋能西部农业新质生产力提升的机制与路径研究,云南财经大学
理论经济学,“东数西算"背景下区域协调发展的内在机理与实现路径研究,宁夏大学
理论经济学,数字贸易赋能西部地区扩大对内对外开放的机理与对策研究,新疆大学
理论经济学,虚拟与地理双重集聚提升战略腹地创新链韧性的机制与路径研究,贵州大学
理论经济学,数智素养提升西部地区老年群体消费韧性的机制与路径研究,西南财经大学
理论经济学,链式冲击下中国-东盟区域价值链合作多维困境与突破策略研究,昆明理工大学
理论经济学,美丽中国视域下珠江流域生态共同体构建的机制与路径研究,贵州省社会科学院
理论经济学,西南边境经济合作区跨境产业链协作与价值链跃升研究,云南财经大学
应用经济学,西部地区装备制造业产业链创新链深度融合的机制与路径研究,重庆工商大学
应用经济学,数实融合赋能西部制造业产业链韧性提升的机制和路径研究,西北民族大学
应用经济学,人工智能赋能中国-东盟跨境产业链合作的机制与路径研究,广西财经学院
应用经济学,国家战略腹地建设背景下推动产业链国内重构应对外迁风险的图谱与路径研究,西南财经大学
应用经济学,多元主体协同促进西部低空产业链发展的机制与政策研究,西北工业大学
应用经济学,人工智能背景下优质医疗资源下沉西部基层的路径研究,云南财经大学
应用经济学,新一轮“脱钩断链"冲击下中国-东盟产业链主导权重塑机制与路径研究,广西财经学院
应用经济学,耐心资本赋能西部地区关键产业备份的创新机制与路径研究,四川省社会科学院
应用经济学,国家战略腹地制造业产业链现代化水平评价及提升路径研究,成都师范学院
应用经济学,数智化监管下新疆涉农贷款信用风险识别、预警与治理机制研究,石河子大学
应用经济学,绿色金融助力新疆新能源消纳能力提升路径研究,新疆财经大学
应用经济学,绿色普惠金融破解西南地区小农户绿色生产“强意愿弱行为”困境的机制研究,梧州学院
应用经济学,财政金融协同破解西部科技型中小企业融资约束的机制及路径研究,兰州理工大学
应用经济学,西南民族地区县域财政生态与新质生产力发展研究,广西财经学院
应用经济学,财税政策赋能西部先进制造业与生产性服务业融合研究,云南财经大学
应用经济学,黄河流域环境政策协同的减污降碳效应与实现路径研究,宁夏大学
应用经济学,西部地区能耗双控转向碳排放双控的政策效应评估及推进路径研究,重庆师范大学
应用经济学,川滇生态屏障区森林"四库"联动的内在机理及实现路径研究,玉溪师范学院
应用经济学,基于生态位理论的西部地区特色产业链培育机制与路径研究,重庆工商大学
应用经济学,长江上游流域现代化生态产业体系构建及实现路径研究,西南石油大学
应用经济学,滇桂黔旅游业水资源利用评价、预测及影响因素研究,南宁师范大学
应用经济学,东产西移的减碳有效性、阻滞因素及路径优化研究,昆明理工大学
应用经济学,西部地区天然气产业高质量发展的多维联动机制与政策优化研究,东华理工大学
应用经济学,荒漠草原生态功能评估与价值转化机制研究,内蒙古财经大学
应用经济学,“两山"理念视域下筑牢我国西南边疆地区生态安全屏障的经济路径研究,中共云南省委党校
应用经济学,数字技术赋能黄河流域旅游经济韧性提升研究,三明学院
应用经济学,新疆南疆四地州文旅融合促进高质量充分就业的机理与路径研究,新疆大学
应用经济学,西部地区数据要素市场研究,重庆邮电大学
应用经济学,数字化赋能西部旅游业韧性成长机制与路径研究,贵州大学
应用经济学,数字技术推动西南地区传统物流业绿色转型的机制与路径研究,贵州民族大学
应用经济学,关键产业链西部备份模式研究,南宁师范大学
应用经济学,边境廊道交旅融合的富民效应及提升路径研究,云南大学
应用经济学,新质生产力赋能革命老区城乡融合高质量发展的机制与路径研究,龙岩学院
应用经济学,双重价值链嵌入视角下成渝地区双城经济圈产业协同发展研究,重庆三峡学院
应用经济学,流通领域新质生产力赋能西部地区经济高质量发展的机制与路径研究,喀什大学
应用经济学,西部地区消费市场扩容与地方政府债务化解的协同机制研究,广西民族大学
应用经济学,成渝地区双城经济圈首发经济提振消费的实现机制与路径研究,重庆师范大学
应用经济学,西部地区建设"支点城市+骨干走廊"现代流通网络的理论基础与实现路径研究,西安交通大学
应用经济学,西南民族地区农民合作社研究,重庆工商大学
应用经济学,西北地区农村居民就业与提振消费协同效应测度及实现路径研究,西安石油大学
应用经济学,过渡期后脱贫山区农户发展韧性提升机制与路径研究,西北政法大学
应用经济学,提高西部地区农户经济稳定性的机制及政策研究,西北大学
应用经济学,涉藏地区农村收入稳定性的提升机制与政策研究,四川农业大学
应用经济学,西南民族地区公益性帮扶项目运行现状及长效管理机制研究,四川大学
应用经济学,数智新动能破解西部高技能人才错配的机制与路径研究,云南财经大学
应用经济学,西部种粮大户绿色技术采纳行为的多元驱动机制与靶向激励研究,北方民族大学
应用经济学,数字技术赋能西部地区农业社会化服务质效提升的机理及政策研究,重庆社会科学院
应用经济学,新型农业经营主体助推秦巴山区乡村特色产业绿色转型研究,西北农林科技大学
应用经济学,“粮食-生态"双安全下新疆农业化肥减量增效的协同治理路径研究,石河子大学
应用经济学,数智技术驱动西北绿洲农业全产业链融合发展的协同机制与路径研究,新疆财经大学
应用经济学,中国在"一带一路"沿线国家农业投资的非传统风险研究,延安大学
应用经济学,“四良"融合赋能西南地区小农户"钱粮双增"的机制与路径研究,云南农业大学
应用经济学,西南山区搁荒地复垦利用的利益补偿机制研究,成都理工大学
应用经济学,西南喀斯特地区农业产业集群创新发展研究,西华大学
统计学,西部陆海新通道对区域路衍经济的影响评估及增效路径研究,西安建筑科技大学
统计学,云南戌边人口的统计监测与协同治理研究,云南民族大学
统计学,新时代居民消费升级的多维测度与推进路径研究,兰州财经大学
统计学,滇桂蔗糖产业链的数字化韧性测度与安全水平提升路径研究,广西财经学院
统计学,粮食产销区间的利益补偿标准测度及补偿方案研究,内蒙古财经大学
政治学,中华民族共同体建构视野下西南地区疆域体系形成研究,贵州大学
政治学,生成式人工智能应用对新疆舆论安全的挑战及对策研究,新疆大学
政治学,超大城市敏捷政府建设的内在机理与成效评估研究,西南政法大学
政治学,应对人口结构变化的西南边疆治理效能提升研究,广西民族大学
政治学,明清盘江流域地权治理与国家认同的互构机制研究,贵州财经大学
政治学,边疆地区运用方志文化推进中华民族共同体建设研究,云南大学
政治学,东盟国家平衡安全与发展的政策比较研究,云南大学
法学,海南自由贸易港税收争议解决机制创新研究,三亚学院
法学,商事规避行为的纾解与规范研究,西北政法大学
法学,“双碳"目标下草原生态补偿标准动态调整机制的法律构造研究,西北民族大学
法学,城乡融合发展中农业产业工人分层保护的劳动法治改革研究,四川轻化工大学
法学,分配正义理念下金融发展权的构建与实现：基于西部地区的实证研究,甘肃政法大学
法学,中华民族共同体视域下少数民族非遗集体权益保护研究,内蒙古科技大学
法学,西部陆海新通道跨境数据流动规则体系构建研究,重庆邮电大学
法学,西部地区融入全国统一大市场的梯度型竞争法治保障研究,重庆大学
法学,成渝地区双城经济圈信用一体化的法治协同机制研究,重庆大学
法学,青藏高原生态保护法与传统生态知识衔接融合机制研究,青海师范大学
法学,中国与中亚五国双边投资条约的实效评估和修约建议研究,新疆大学
法学,中国-东盟数字贸易规制合作研究,贵州师范大学
法学,民族地方应急慈善法治化路径研究,内蒙古工业大学
法学,高质量建设西部国际商事仲裁中心路径研究,西南政法大学
法学,“东数西算"战略跨域数据安全的刑法保护与风险防范机制研究,西南政法大学
法学,中缅典型跨境经济犯罪智能一体化防控研究,广西师范大学
法学,新出金文和简牍所见周秦边疆治理研究,重庆大学
法学,敦煌唐蕃契约文献中的中华法文化共生认同研究,西北民族大学
法学,中华法系视域下敦煌西域古藏文法律文书整理与研究,甘肃政法大学
法学,清代清水江流域土地出典人权益保障研究,贵州师范大学
法学,清代四川基层词讼研究- -以巴县档案为中心,四川文理学院
法学,晚清巴县华洋诉讼研究,西南医科大学
社会学,西部地区传统村落振兴发展逻辑与治理路径研究,陕西师范大学
社会学,乡村教师培育的空间逻辑与实践路向研究,贵州师范大学
社会学,新疆寒旱多民族聚居区城市更新行动的路径研究,新疆大学
社会学,西部乡村空间资本化机理与风险防范研究,重庆三峡学院
社会学,云贵地区传统村落振兴的"场所精神"的内生路径研究,贵州大学
社会学,中央生态环保督察效能的区域差异与制度韧性研究,广西民族大学
社会学,阿坝藏族羌族自治州集聚式历史文化空间的保护更新策略研究,四川大学
社会学,西南边境地区跨境民族节庆促进民心相通机制研究,云南大学
社会学,西部地区罕见病诊疗的社会学研究,成都工业学院
社会学,数字鸿沟阻滞农村低收入群体增收及治理研究,宁夏大学
社会学,西部重点帮扶县数字弱势群体参与乡村治理长效机制研究,重庆文理学院
社会学,代际转移高额彩礼对西部农村青年婚育行为的影响研究,重庆工商大学
社会学,西北乡村振兴的秩序困境与治理创新研究,北方民族大学
社会学,荒漠化治理模式的演变及优化路径研究,兰州财经大学
社会学,西部民族地区村企协作驱动乡村特色产业发展研究,内蒙古大学
社会学,社会—生态视角下西部地区文旅投资的社会学研究,新疆财经大学
社会学,绿色共富目标下边疆民族地区碳公平测度及实现路径研究,桂林电子科技大学
社会学,欠发达地区县域城乡融合发展及政策优化研究,重庆第二师范学院
社会学,乡村振兴战略下牧区易地搬迁后居业共同体的形成机制研究,内蒙古科技大学包头师范学院
社会学,西南民族地区困境儿童家庭韧性研究,乐山师范学院
社会学,农村寄宿制学校青少年欺凌研究,内蒙古师范大学
社会学,超大城市治理下极端暴力犯罪的预测模型研究,西南政法大学
社会学,跨诊断干预留守儿童焦虑和抑郁研究,陕西师范大学
社会学,西部地区青少年心理健康风险研究,重庆第二师范学院
社会学,西部乡村教师数字素养提升的社会支持系统研究,重庆师范大学
社会学,西部留守儿童社会信任的发展轨迹及对策研究,西南大学
社会学,题目略,咸阳师范学院
社会学,西南边疆社会安全运行机理研究,云南大学
社会学,西南边疆地区社会工作的统合性发展研究,广西大学
社会学,西南边疆农村地区家庭养老脆弱性研究,云南民族大学
社会学,西部地区老年人健康风险预警和治理研究,宁夏医科大学
社会学,数字赋能西部地区农村妇女社会参与研究,西安外国语大学
社会学,西南农村少数民族养老生活的调查研究,广西财经学院
社会学,西部易地扶贫搬迁老年移民帮扶机制研究,贵州大学
社会学,西部地区"一老一小"照顾者健康风险的数字化治理研究,西安交通大学
社会学,第一代外出农民工返乡养老困境的破解机制研究,成都理工大学
人口学,低龄老人家庭资产向下代际转移制约银发消费的机制与对策研究,重庆交通大学
人口学,边疆安全视域下的新疆人口空间分布与风险防范策略研究,新疆财经大学
人口学,西南边疆地区县域人口收缩态势、效应及应对研究,云南省社会科学院
人口学,县域城乡融合促进易地扶贫搬迁农户共同富裕的作用机理与政策研究,西安电子科技大学
民族学,民族事务跨域治理与铸牢中华民族共同体意识协同机制研究,广西科技大学
民族学,铸牢中华民族共同体意识融人公共生活的基本问题研究,贵州商学院
民族学,题目略,西南政法大学
民族学,题目略,伊犁师范大学
民族学,题目略,西南政法大学
民族学,西藏自治区成立以来中国共产党增进西藏民生福祉的实践进路与历史经验研究（1965—2025）,西藏大学
民族学,全面抗战时期西南交通建设铸牢中华民族共同体意识研究,贵州师范大学
民族学,西方传教士民族志书写中的中国西南边疆民族交往交流交融研究,昆明理工大学
民族学,多源视角下藏南地名的命名理由、文化内涵及对维护国家主权的意义研究,阿坝师范学院
民族学,南方丝绸之路沿线各民族文化互嵌与交融研究,楚雄师范学院
民族学,题目略,四川大学
民族学,清代新疆方志中地名所见中华文化的多元一体格局研究,新疆大学
民族学,清代以礼治边与西南多民族礼俗互动交融研究,贵州大学
民族学,清代新疆行记所见中华民族交往交流交融研究,西北师范大学
民族学,清代云贵方志中的大一统思想研究,楚雄师范学院
民族学,清至民国时期河湟地区民间交往交流交融内生动力与实践机制研究,青海民族大学
民族学,近代涉藏地区通事群体与族际互动研究,四川师范大学
民族学,民国时期藏彝走廊多民族交往交流交融史料收集整理与研究,西华大学
民族学,青藏高原多语种地名与各民族多维度交融史研究,青海省社会科学院
民族学,国家治理视角下西南土司财计制度研究,广西财经学院
民族学,域外文献所见近代甘青各民族交往交流交融史料整理与研究,兰州理工大学
民族学,过渡期后六盘山片区防止规模性返贫与农村低收入人口常态化帮扶衔接机制研究,北方民族大学
民族学,“过渡期"后青藏地区规模性返贫防治动力机制设计与效益评价研究,青海大学
民族学,公共财政支持富民兴疆的精准机制与优化路径研究,新疆财经大学
民族学,西部民族地区扶贫资产活化阻断规模性返贫的机制与路径研究,重庆大学
民族学,桂滇边境地区民营企业参与兴边富民的互惠共生路径设计及政策引导研究,南宁师范大学
民族学,边境口岸与腹地产业融合模式创新及长效机制研究,内蒙古财经大学
民族学,"""四链""融合提升西部县域特色产业韧性的机制与路径研究",北方民族大学
民族学,都柳江流域民族文化创新赋能和美乡村建设的机制与路径研究,安顺学院
民族学,赋权视角下乡村工匠推动西南民族地区特色产业发展困境与路径研究,桂林理工大学
民族学,二轮延包背景下新疆机动地资源配置问题研究,石河子大学
民族学,西部民族地区农业产业效益提升的"千万工程"经验嵌入与空间溢出效应研究,三亚学院
民族学,人工智能赋能边疆牧区现代化的生态-产业-治理协同发展机制研究,内蒙古财经大学
民族学,西藏生态产品价值实现机制研究,西藏民族大学
民族学,民族地区小农经济现代化改造的金融支持研究,重庆工商大学
民族学,西南民族地区特色生态资源产业化增值的机制与路径研究,重庆师范大学
民族学,数智技术赋能滇黔文旅融合高质量发展的机制与路径研究,贵州民族大学
民族学,西南边疆"生态戌边"方略研究,西南林业大学
民族学,湘黔边区乡村建设的"村+"模式研究,凯里学院
民族学,西南沿边"老幼共托"协同机制与边疆善治路径研究,滇西科技师范学院
民族学,数智技术驱动西藏城市民族互嵌式社区治理共同体建设研究,中共西藏自治区委员会党校
民族学,西部地区少数民族青少年融入互嵌式社会结构的机制与实现路径研究,重庆理工大学
民族学,边境村基本公共服务均等化效能提升与增强中华民族凝聚力研究,昆明理工大学
民族学,流动融居背景下川藏地区民族互嵌式社区建设研究,西南民族大学
民族学,西部边疆地区构建乡村治理共同体的文化路径研究,西北师范大学
民族学,西南边疆民族地区毒品犯罪行为风险防控的数智驱动机制研究,云南警官学院
民族学,基于川西草原产权制创新的社会治理共同体建设研究,西南民族大学
民族学,缅北突发事件衍生我国边境社会治安风险及防控对策研究,云南警官学院
民族学,中华民族共同体视域下长城国家文化公园的文化空间建构研究,宁夏大学
民族学,新媒体时代少数民族流动青年社会融入的心理机制及互嵌式发展路径研究,新疆师范大学
民族学,推进中华民族共同体建设进程中民族地区乡村教师社会责任感培育研究,贵州师范大学
民族学,高质量发展背景下西南边疆地区国家通用语言文字教育成效评估与质量提升研究,西南大学
民族学,西南次边疆地区中华民族共同体建设的校内外协同机制研究,四川师范大学
民族学,青海藏族青壮年劳动力国家通用语言能力评估及提升路径研究,青海师范大学
民族学,西南地区民族文化遗产资源的教育转化研究,西南大学
民族学,西部地区国家通用语言文字的国情国力综合指数研究,西南大学
民族学,民族地区教育对口支援多主体协同效应及优化路径研究,成都师范学院
民族学,社交媒体流量驱动民族地区文旅融合的内在机制和风险治理研究,重庆工商大学
民族学,讲好中国故事背景下西北地区非遗国际传播研究,宁夏大学
民族学,新疆传统建筑中各民族共享中华文化符号整理与创新应用研究,新疆师范大学
民族学,黄河水利碑刻中的集体记忆与中华民族共同体意识互构研究,宁夏社会科学院
民族学,民族互嵌导向下藏羌彝走廊社区文化场景要素与生成机制研究,成都理工大学
民族学,伏羲文化的多民族叙事与增强中华民族凝聚力研究,天水师范学院
民族学,西南地区儒学传播与民族融合研究,铜仁学院
民族学,“三江并流"区域非物质文化遗产数字成果转化与传播研究,云南民族大学
民族学,青海河流遗产价值识别与潜在保护区域识别研究,青海大学
民族学,西南民族地区非遗赋能乡村文旅空间营造的机制与路径研究,贵州民族大学
民族学,藏羌彝走廊"多元一体"装饰符号谱系解构与铸牢中华民族共同体意识路径研究,成都师范学院
民族学,西南多民族传统时令系统契洽关系研究,贵州师范大学
民族学,民族交往交流交融视域下元代三皇祭祀研究,内蒙古师范大学
民族学,海南神话传说中各民族交往交流交融元素的挖掘、整理和阐释研究,三亚学院
民族学,民族村寨旅游高质量发展的动力机制与模式研究,贵州商学院
民族学,西南民族地区传统节庆跨民族现状调查与研究,四川旅游学院
民族学,“-带一路"南向通道民族地区旅游形象构建与跨文化传播创新研究,重庆理工大学
民族学,多中心治理视域下西南少数民族节庆遗产治理共同体的建构研究,贵州民族大学
民族学,滇桂走廊少数民族节庆习俗变迁与中华文化认同研究,广西社会科学院
民族学,西南地区民族节庆旅游的多维幸福效应研究,贵州财经大学
民族学,清水江流域苗族贾理传承人口述史与中华民族共同体意识研究,贵州师范大学
民族学,西藏民宿业的民族志研究,四川旅游学院
民族学,西南地区蜡染文化共享基因提炼与中华文明标识构建研究,贵州师范大学
民族学,汉唐胡俑图像中的民族交融元素研究,陕西师范大学
民族学,热贡艺术汉藏交融史与中华民族共同体意识形塑机制研究,西北民族大学
民族学,文化传承视域下赣闽粤边区客家乡村祠堂文献的搜集、整理与当代价值挖掘研究,赣南师范大学
民族学,清前中期西南民族融入中华民族共同体历史进程的图像表征研究,重庆师范大学
民族学,抗战时期西南边疆民俗志书写研究,云南师范大学
民族学,贝叶文献所见中华民族共同体的叙事研究,云南师范大学
民族学,清末民国旗人群体文学研究,北方民族大学
民族学,甘青川摊舞遗产的文化谱系与多民族共享机制研究,兰州城市学院
民族学,刘三姐文化中的多民族文化交融元素研究,广西大学
民族学,民族互嵌视域下新疆少数民族外出务工人员口述史研究,昌吉学院
民族学,西藏当代儿童文学的转化研究,西藏民族大学
民族学,甘青宁新地区"宴席曲"文本搜集、整理及多民族文化交流交融研究,兰州理工大学
民族学,西南各民族"南京柳树湾"祖源叙事与中华文化认同研究,楚雄彝族文化研究院
民族学,明清西南军屯移民对跨民族戏剧文化共生系统的形塑研究,贵州大学
民族学,基于黔桂地区王阳明相关石刻文献调查整理的民族交往交流交融研究,广西民族大学
民族学,清代多语种蒙汉通婚类档案整理、汉译与研究,内蒙古师范大学
民族学,基于蒙古语直译体文献的蒙汉语法接触及演变研究,内蒙古师范大学
民族学,敦煌藏医写本的系统性考释与丝路医药交融研究,甘肃中医药大学
民族学,川滇藏交界区少数民族传统生态文化多语种文献整理与研究,云南民族大学
民族学,藏文抗战资料搜集、整理、翻译与研究,中共青海省委党校
区域国别学和国际问题研究,粮食安全视域下中国推进澜湄农业合作的重点及实现路径研究,云南师范大学
区域国别学和国际问题研究,中国—东盟产业链高质量发展的影响因素与优化路径研究,广西大学
区域国别学和国际问题研究,东盟国家ESG政策与评级约束对中国企业海外投资影响研究,广西财经学院
区域国别学和国际问题研究,总体国家安全观视域下保障中国-中亚能源产业链供应链安全的路径与对策研究,石河子大学
区域国别学和国际问题研究,大国围绕中亚关键矿产博弈新态势与中国对策研究,兰州大学
区域国别学和国际问题研究,基于非传统安全视域的中国-东盟低空经济跨境合作风险识别与治理路径研究,南宁学院
区域国别学和国际问题研究,地缘政治风险对中欧班列南部物流通道安全影响与预警研究,西安财经大学
区域国别学和国际问题研究,西南边疆跨境物种入侵风险识别及协同治理路径研究,中共云南省委党校
区域国别学和国际问题研究,印度产业升级下涉中国企业投资纠纷典型案例分析与对策研究,四川大学
区域国别学和国际问题研究,印度青年精英对华认知变化及应对策略研究,四川师范大学
区域国别学和国际问题研究,中国—东盟自贸区升级与人民币国际化的协同发展路径研究,广西社会科学院
区域国别学和国际问题研究,安全韧性视域下菲律宾海洋安全战略新动向及中国因应研究,海南师范大学
区域国别学和国际问题研究,全球安全倡议下澜湄网络犯罪合作治理机制研究,重庆警察学院
区域国别学和国际问题研究,现代越南民族建构对中越关系的影响及对策研究,广西民族大学
区域国别学和国际问题研究,泰缅老交角区中国非政府组织参与地方社区治理研究,云南交通职业技术学院
区域国别学和国际问题研究,RCEP框架下中老泰多式联运制度壁垒协同治理研究,云南农业大学
区域国别学和国际问题研究,西南边境"国门医院"助推中国—东盟健康共同体构建研究,大理大学
区域国别学和国际问题研究,大国竞争态势下中缅命运共同体构建路径创新研究,云南大学
区域国别学和国际问题研究,越南涉华政策的决策过程与机制研究,广西民族大学
区域国别学和国际问题研究,中东地区非国家武装组织智能化演进模式及风险防范机制研究,西安工业大学
区域国别学和国际问题研究,哈萨克斯坦"金帐汗国"身份叙事建构与影响研究,石河子大学
区域国别学和国际问题研究,印度在全球南方的战略布局、影响及中国对策研究,西安外国语大学
区域国别学和国际问题研究,世界现代化进程中的也门国家治理研究,宁夏医科大学
区域国别学和国际问题研究,题目略,新疆维吾尔自治区社会科学院
区域国别学和国际问题研究,尼泊尔政党政治演变及其影响研究,四川大学
中国历史,北魏北方各族人名研究,内蒙古大学
中国历史,唐蕃佛教沟通者法成汉文著（译）作整理与研究,敦煌研究院
中国历史,北宋盐政运作与西北边疆治理研究,西北师范大学
中国历史,明代财政协济制度与贵州地方治理研究,贵阳学院
中国历史,明清河西走廊城堡体系与边疆治理研究,河西学院
中国历史,明清闽浙赣毗邻山区造纸业的技术社会史研究,重庆大学
中国历史,清代西南地区官员选任与边疆治理研究,云南大学
中国历史,清末城镇乡议事会及其对基层社会治理的影响研究,西华师范大学
中国历史,近代秦岭北麓森林开发与生态治理研究,陕西师范大学
中国历史,美国自然历史博物馆藏近代中国边疆科学考察档案整理与研究,四川师范大学
中国历史,近代吐鲁番治理体系转型与民族融合研究（1884—1949）,新疆师范大学
中国历史,东亚同文书院中国西部边疆调查研究（1905—1937）,西北大学
中国历史,贵州镇远"和平村"史料搜集、整理与研究（1938—1945）,贵州师范大学
中国历史,抗战时期西南地区乡村建设研究,西南大学
中国历史,西方涉疆历史所谓"突厥"问题研究,新疆大学
中国历史,丝绸之路出土古藏文寺院文献翻译研究,敦煌研究院
中国历史,云贵地区环保相关碑刻的收集、整理与研究,贵州师范大学
中国历史,满汉蒙多文种《亲征平定朔漠方略》文献学研究,内蒙古大学
中国历史,清代"天下总图"谱系研究,西北农林科技大学
世界历史,俄国皇家地理学会突厥斯坦分会文献整理与研究（1896—1917),兰州大学
世界历史,缅甸少数民族地方武装史料搜集、整理与研究,云南师范大学
考古学,川西北高原新石器时代文化谱系研究,四川省文物考古研究院
考古学,龙山时代陇东地区文明化进程的考古学研究,甘肃省文物考古研究所
考古学,广西左江花山岩画图像研究,广西民族博物馆
考古学,隋唐时期欧亚草原游牧部落遗存的考古学研究,新疆维吾尔自治区社会科学院
宗教学,北朝至隋唐萧关道沿线中小石窟研究,宁夏大学
宗教学,魏晋南北朝佛教善恶观念研究,陕西师范大学
宗教学,金沙江河谷区域基督教信仰与族际互动研究,玉溪师范学院
宗教学,焉耆文龟兹文譬喻故事整理与研究,新疆大学
宗教学,南诏大理古塔出土经卷整理与研究,大理大学
宗教学,基于文本批判的金元太一教研究,四川大学
宗教学,唐五代敦煌释门文范写本借音字整理与研究,乐山师范学院
中国文学,金元时期文学图像互文研究,内蒙古师范大学
中国文学,当代中国战略腹地城市空间的文化转型研究,四川大学
中国文学,西南边疆民族铸牢中华民族共同体意识的民族记忆与文化表征研究,广西科技师范学院
中国文学,晚明女性意识觉醒与诗歌创作研究,天水师范学院
中国文学,清代文学辨体文献整理与研究,西安音乐学院
中国文学,选本与诗评视域下的苏诗经典化研究,海南大学
中国文学,江西诗派批评史研究,赣南师范大学
中国文学,晚清民国的唐宋词论争研究,赣南师范大学
中国文学,巴蜀摩崖石刻文献整理研究与数据库建设,四川大学
中国文学,清代楚辞批校文献整理与研究,西南交通大学
中国文学,乾嘉巴蜀文学与经学互动研究,四川省社会科学院
中国文学,抗战大后方民歌民谣文献整理与研究（1931—1946）,重庆师范大学
中国文学,抗战时期西南大后方戏剧改编研究,广西师范大学
中国文学,抗战时期西南地区戏剧动员与中华民族认同建构研究,贵州师范大学
中国文学,延安时期中国共产党对苏区与左翼文艺经验的整合与实践研究,东华理工大学
中国文学,延安时期日记文献搜集、整理与研究,榆林学院
中国文学,四大名著在涉藏地区的多维传播与汉藏文化交融研究,青海两弹一星干部学院
中国文学,蒙译本《西游记》与蒙古文学互文性研究,赤峰学院
中国文学,当代西部民族地区的新大众文艺现象研究,西南大学
中国文学,满-通古斯语民族图像叙事的数字化重构与国际传播研究,重庆师范大学
中国文学,8—13世纪藏文“文学交融"文献搜集、整理与研究,西南民族大学
中国文学,北疆古典文献汉蒙翻译术语库建设及文化认同研究,内蒙古民族大学
中国文学,藏彝走廊历史人物传说的多民族共享机制研究,四川省社会科学院
中国文学,21世纪少数民族文学中的医疗卫生叙事研究,红河学院
中国文学,中华文化认同视域下台湾少数民族形象话语建构研究,闽南师范大学
中国文学,中国现代稀见电影丛书文献整理与研究,重庆师范大学
中国文学,中国现代作家的美术活动文献整理与研究,重庆交通大学
外国文学,英国小说中的老年话语批评与重构研究,四川外国语大学
外国文学,李喆人法国文学汉译与中国文学创作的共生机制研究,西华大学
外国文学,近现代印度人来华游记整理与研究,云南师范大学
外国文学,唐边塞诗在古代朝鲜半岛的传播与接受研究,延边大学
语言学,澜湄安全共同体视域下汉语-多语平行语料库的建设与应用研究,贵州师范大学
语言学,功能语篇分析拓展框架描写及其在网络语言治理中的应用研究,重庆科技大学
语言学,藏族中小学生国家通用语言阅读效率提升研究,西藏大学
语言学,基于人工智能的中国秦文化遗址国际传播话语体系建构研究,西安理工大学
语言学,中越老缅边境加强国家通用语言文字教育的机制与路径研究,广西师范大学
语言学,基于语料库的《西北屯戌汉简文书用语通解辞典》编纂与研究,西南大学
语言学,《集韵》《广韵》反切注音差异及历史原因研究,赣南师范大学
语言学,宋元南北碑铭用韵比较研究,四川大学
语言学,辽金元俗语词研究,内蒙古民族大学
语言学,基于吐鲁番墓志的汉语汉字西域传播与使用研究,兰州大学
语言学,清代巴蜀县衙档案文献词汇研究,重庆大学
语言学,南岭走廊方块民族文字共享汉字元素与汉字共同体研究,云南师范大学
语言学,基于深度语义表征的汉日复合动词词汇化及语法化研究,陕西师范大学
语言学,青藏国家公园群语言景观多模态研究,青海民族大学
语言学,基于交互式智能体的低资源语言合成数据研究,西北民族大学
语言学,基于语料库的古代蒙古族游牧生态思想嬉变及其当代生态治理价值研究,内蒙古农业大学
语言学,基于深度学习的新疆失语症患者语音障碍特征及自动识别研究,新疆师范大学
语言学,数智技术赋能医患沟通语料库建设与应用研究,湖北民族大学
语言学,汉语语义具身表征梯度加工的神经机制研究,西南交通大学
语言学,中缅边境口岸学前儿童国家通用语言能力动态评估及提升路径研究,云南师范大学
语言学,大语言模型驱动下动态范畴论的构建及其在汉英对比中的应用研究,四川外国语大学
语言学,基于虚拟智能体的外语写作个性化引导策略与应用研究,四川外国语大学
语言学,当代藏地小说英译与新西藏形象构建研究,西藏大学
语言学,认知语言学视域下汉语和英语情态判断构式的动态关系研究,兰州交通大学
语言学,英汉句法封闭与开放属性特征的历时演化与类型学研究,重庆三峡学院
语言学,人工智能视域下新疆维吾尔木卡姆艺术多模态翻译研究,塔里木大学
语言学,多民族交融视域下贵州翻译史研究,贵州大学
语言学,面向医学领域人智协同翻译语言的句法计量研究,西安交通大学
语言学,语言接触视角下贵州汉语方言的形成与历史演变研究,贵州师范大学
语言学,语言接触视野中桂东南客方言多功能语法形式研究,南宁师范大学
语言学,蒙汉双语医学术语数据库建设及应用研究,内蒙古大学
语言学,多语种地名的语言接触与中国北疆民族互融研究,内蒙古师范大学
语言学,清末民初内蒙古东部蒙汉语言接触及其演变机制研究,内蒙古师范大学
语言学,达翰尔语空间认知研究,内蒙古大学
语言学,泛喜马拉雅地区跨境语言的致使态与施用态研究,重庆工商大学
语言学,面向信息技术的藏语深层语义描述体系研究,青海师范大学
语言学,敦煌文献中的汉藏语言接触材料整理与研究,西藏大学
语言学,广西环大明山地区壮语方音变异的地理语言学研究,广西民族大学
语言学,海南黎语民俗词汇抢救性整理及其文化传承研究,海南师范大学
语言学,信度体《法句经》校勘与研究,西藏自治区社会科学院
新闻学与传播学,题目略,电子科技大学
新闻学与传播学,基于清代使华汉文文献的汉字跨文化传播研究,兰州大学
新闻学与传播学,数字赋能新疆地区中华民族共同体叙事创新与多模态传播策略研究,伊犁师范大学
新闻学与传播学,抗战时期重庆红色出版文献的数字化整理与智慧应用研究,重庆三峡学院
新闻学与传播学,数字人文驱动下川渝地区多模态文旅外宣话语体系构建研究,重庆文理学院
新闻学与传播学,中国海洋安全对外话语体系建构与传播战略研究,海南大学
新闻学与传播学,西部城市国际形象塑造与传播机制研究,中共重庆市委党校
新闻学与传播学,题目略,四川省社会科学院
新闻学与传播学,面向东盟的节庆活动类非物质文化遗产数字化转译设计与传播研究,桂林电子科技大学
新闻学与传播学,题目略,四川大学
新闻学与传播学,数字技术赋能文化遗存讲好新疆故事的机制与路径研究,新疆大学
新闻学与传播学,长江上游岸线工业遗产数字谱系与区域协同传播机制研究,重庆师范大学
新闻学与传播学,媒介化视域下南岭摩崖石刻数智化传播研究,桂林理工大学
新闻学与传播学,题目略,西北民族大学
新闻学与传播学,智能国际传播驱动涉疆信息地缘风险协同治理研究,西安交通大学
新闻学与传播学,媒介化视域下新疆"网络达人"传播力研究,石河子大学
新闻学与传播学,西部地区"宜居宜业和美乡村"传播共同体建构路径研究,西北师范大学
信息资源管理与文献学,河套灌区古代水利规约整理研究,宁夏大学
信息资源管理与文献学,西部古代书院书法教育史料整理与研究,兰州城市学院
信息资源管理与文献学,阅读史视域下的元代民族交往交流交融研究,内蒙古科技大学包头师范学院
信息资源管理与文献学,明代西南地方官员奏议文献整理与研究,四川省社会科学院
信息资源管理与文献学,满蒙档案中各民族交往交流交融史料翻译与研究,呼和浩特民族学院
信息资源管理与文献学,大一统视野下土尔扈特部东归满文档案整理与研究,内蒙古师范大学
信息资源管理与文献学,藏医药典籍文献《藏多医学札记》的整理与研究,青海大学
信息资源管理与文献学,我国首批缉毒警口述史资料搜集、整理与研究,云南师范大学
信息资源管理与文献学,人工智能背景下河西走廊生态文化多模态知识图谱构建与应用研究,西北民族大学
体育学与健康管理,丝绸之路传统体育文化的文献整理、当代价值及传播力提升研究,西安体育学院
体育学与健康管理,古蜀体育文明起源与早期域外交流互鉴研究,成都体育学院
体育学与健康管理,苏区体育史料的收集、整理与研究,赣南师范大学
体育学与健康管理,全面抗战时期西南大后方体育史料搜集、整理与研究,昆明理工大学
体育学与健康管理,抗战大后方体育统战史料的发掘整理与红色记忆建构研究,重庆师范大学
体育学与健康管理,川滇黔三线企业职工体育活动史料整理与研究,贵州大学
体育学与健康管理,红色体育赋能陕甘宁革命老区乡村全面振兴研究,宁夏师范大学
体育学与健康管理,数字赋能西部公共体育服务均等化研究,西安体育学院
体育学与健康管理,西北走廊多民族体育文化互嵌融通的典型案例研究,宁夏大学
体育学与健康管理,中国-东盟体育人文交流机制构建与实现路径研究,广西大学
体育学与健康管理,藏羌彝走廊传统体育高质量发展测度与动力机制研究,四川师范大学
体育学与健康管理,黄河"几字弯"区体育非遗基因图谱与族际共享机制研究,内蒙古师范大学
体育学与健康管理,西南边疆传统体育助推中华民族共同体建设研究,云南师范大学
体育学与健康管理,巴蜀体育非遗再生产与乡村文化复兴的耦合机制与路径研究,四川轻化工大学
体育学与健康管理,民族地区乡村体育赛事的社会动员机制研究,贵州财经大学
体育学与健康管理,西北边疆民族互嵌式社区体卫融合服务模式构建研究,伊型师范大学
体育学与健康管理,边疆特色社区运动戒毒康复模式建构及实证研究,云南师范大学
体育学与健康管理,体文旅融合对银发消费场景创新的促进路径与支持体系研究,广西师范大学
体育学与健康管理,老龄化视域下西北地区农村老年人身体素养评价与提升路径研究,宁夏医科大学
体育学与健康管理,西部都市圈体育场地设施服务适老化转型研究,成都体育学院
体育学与健康管理,适老化背景下成渝地区老年人抗阻运动数智健身体系研究,成都体育学院
体育学与健康管理,西南边疆农村健身设施"建管用"效能提升的机制障碍与靶向治理研究,广西师范大学
体育学与健康管理,乡村振兴重点帮扶县全民健身公共服务典型案例研究,西安交通大学
管理学,战略腹地建设背景下"链主"企业产业备份的引导机制及实现路径研究,重庆工商大学
管理学,黄河上游企业ESG"漂绿"的同群效应与审计协同治理研究,兰州财经大学
管理学,西部全域土地综合整治资金穿透式审计协同治理机制研究,西北政法大学
管理学,西部先进制造企业智能化转型的触发机理与推进路径研究,西北工业大学
管理学,公平竞争审查制度促进东企西迁企业高质量发展的机制与路径研究,重庆大学
管理学,“东数西算"背景下西部人工智能创业生态系统的涌现机制与政策研究,西南大学
管理学,生命周期视角下西部高碳企业绿色创新的制度适配机制与路径研究,海南大学
管理学,成渝地区双城经济圈科技创新中心自主创新能力提升研究,重庆邮电大学
管理学,生成式人工智能驱动西部中小装备制造企业双元数字化转型的机制和路径研究,西北工业大学
管理学,开源人工智能情境下人智协同驱动西部制造企业可持续创新研究,云南财经大学
管理学,政策组合协同驱动西部制造企业突破性绿色创新的机理及路径研究,四川师范大学
管理学,国际游客赴中国新疆旅游前后感知差异、口碑传播意愿及区域形象重塑研究,新疆财经大学
管理学,基于AR技术赋能的国家公园游憩区空间格局优化研究,武夷学院
管理学,国家公园生态价值主客共创机制研究,海南大学
管理学,民族村寨旅游促进各民族交往交流交融的机制与路径研究,桂林理工大学
管理学,西南省际交界区旅游治理共同体构建机制及路径创新研究,贵州民族大学
管理学,陕甘宁革命老区红色旅游与社会发展的协同机制研究,西安文理学院
管理学,乡村旅游社区多主体亲环境行为的协同机制与韧性提升研究,西华师范大学
管理学,全球供应链加速重构下西部陆海新通道货运量持续增长的影响因素与政策优化研究,广西科技大学
管理学,“人工智能技术+需求变革"双轮驱动西部低空服务产业价值链增值研究,西安邮电大学
管理学,国家战略腹地视域下成渝地区物流网络空间特征、效率与韧性提升研究,重庆邮电大学
管理学,产业备份战略下成渝地区重点产业链安全与效率协调机制研究,四川大学
管理学,双重嵌入视角下西部地区小农户融入现代农业经营体系的路径研究,兰州大学
管理学,海南自贸港与东盟农业产业链协同发展研究,海南大学
管理学,西部县域内农业转移人口就业质量提升机制与政策研究,西北农林科技大学
管理学,西部智能农机推广模式、绩效评估与政策优化研究,成都理工大学
管理学,中国北疆防沙治沙和风电光伏耦合模式创新与建设路径研究,内蒙古财经大学
管理学,奶业供应链韧性提升的数智化机制与路径研究,内蒙古财经大学
管理学,多层次农业保险支持西部欠发达地区产业富民转型的机制与路径研究,四川农业大学
管理学,西南丘陵山区高标准农田建后管护的机制重构与政策协同研究,西南大学
管理学,区域禁牧政策下青藏高原生态脆弱区农牧民生计韧性的演变机制与提升路径研究,西南大学
管理学,西南丘陵山区耕地利用绿色转型困境与协同共治研究,四川大学
管理学,西部地区闲置经营性帮扶资产多元盘活与乡村振兴效能提升研究,贵州省社会科学院
管理学,西北干旱区产业结构优化促进用水效率提升的机制与路径研究,兰州大学
管理学,数据要素驱动西部两高"企业绿色转型效率提升的机制与路径研究,江西理工大学
管理学,成渝地区双城经济圈建筑废弃物管理效率评价及提升机制研究,重庆大学
管理学,我国生物多样性保护与种质资源安全的长效协同机制研究,重庆社会科学院
管理学,数智赋能西部关键矿产资源产业高端化发展的机制与路径研究,乐山师范学院
管理学,西部地区耕地绿色利用效率提升的机制与政策研究,西北农林科技大学
管理学,秦巴山区基本公共服务均等化增进民生福祉的协同机制及治理策略,西安石油大学
管理学,农业强国目标下西南丘陵山区耕地“非粮化"治理的协同机制研究,重庆工商大学
管理学,滇桂黔石漠化片区生态与产业从“失配"到“适配"的驱动机制研究,广西财经学院
管理学,以工代赈促进重点帮扶县低收人群体持续增收的效果评价与路径优化研究,四川农业大学
管理学,社会-生态双重脆弱约束下西部旧工业区绿色再生跃迁机制研究,西安建筑科技大学
管理学,“政策-能力"双驱动的西北生态移民社区韧性生成机制研究,甘肃政法大学
管理学,农业新质生产力赋能西部农村集体经济高质量发展研究,西安电子科技大学
管理学,数字经济赋能乡村全面振兴的逻辑机理、成效评价与实践路径研究,河西学院
管理学,基层医疗卫生机构改革对西部农村老年人就医决策的影响研究,空军军医大学
管理学,紧密型县域医共体建设对西部乡镇卫生院服务能力的影响及提升策略研究,西安建筑科技大学
管理学,三医协同视角下中国-东盟跨境医疗平台优化路径研究,广西医科大学
管理学,行为经济学视域下城乡居民医保中断参保的影响因素与干预策略研究,右江民族医学院
管理学,新疆强化抵边村镇建设与边民守土固边研究,新疆大学
管理学,西南沿边国门学校的战略定位与发展路径研究,贵州师范大学
管理学,长江上游水库群特大洪灾风险防控研究,重庆工商大学
管理学,高原城市复合型灾害治理政策动态仿真与优化研究,四川师范大学
管理学,国家安全视域下中国-东盟跨境财务数据流动监管的沙盒机制与适配策略研究,广西财经学院
管理学,甘青地区网络货运赋能多式联运协同发展的合作机理及政策驱动研究,兰州交通大学
管理学,藏羌彝走廊非物质文化遗产的文化和经济价值转化机制与实现路径研究,西南科技大学
管理学,西部电商消费蛙跳效应的偏好演化机理与引导策略研究,西南财经大学
管理学,西南县域生命线工程灾害链韧性测度与多主体协同提升机制研究,贵州大学
管理学,数字经济赋能革命老区乡村产业振兴的机制与路径研究,江西理工大学
管理学,国家战略腹地建设视域下西部地区民营企业生态位重构与政策支持研究,西华大学
管理学,西部陆海新通道沿线城市产业节点升维的差异化跃迁机制与应对策略研究,重庆第二师范学院
管理学,直播电商激活西部山区特色农产品市场潜力的效应与提升机制研究,云南大学
管理学,西南沿边地区“边-海-陆"产业集群生态网络互嵌式演进机理与实践路径研究,广西民族大学
古典学,里耶秦简名物词系统研究,贵州民族大学
古典学,罗马帝国多瑙河边疆族群身份认同与帝国治理研究,广西师范大学
科学技术与社会,民族地区数字信任机制演化与舆情治理研究,西南民族大学
科学技术与社会,人工智能嵌入西南地区数字政府治理的双刃剑风险及其防范研究,云南师范大学
科学技术与社会,跨界协同创新促进成渝地区双城经济圈关键核心技术突破的机制与政策研究,四川大学
科学技术与社会,科技政策“合成谬误"对西部自然资源产业链重构影响及破解路径研究,桂林理工大学
科学技术与社会,青藏高原河湖旅游承载力动态评估与空间治理研究,四川旅游学院
科学技术与社会,数智技术赋能新生代农民工回流创业质量的长效机制研究,云南师范大学
科学技术与社会,西部地区老年人心理健康风险纵向多模态建模与精准干预研究,宁夏大学
科学技术与社会,以汉藏宗教艺术为例的AIGC多元民族文化设计伦理机制研究,兰州工业学院
科学技术与社会,新疆传统技术交融中的技术共同体叙事研究,新疆大学
科学技术与社会,宋元以来西南山区农业防旱抗旱技术史研究,绵阳师范学院
科学技术与社会,西北联大医学教育史研究（1937—1949）,咸阳师范学院
科学技术与社会,白云鄂博稀土资源开发史,海南师范大学
