类别,院校名称,设立年份,所在地,学历教育培养阶段,备注
中央军委直属院校,国防大学,1927,北京,专科、本科、硕士、博士,仅军事文化学院招收高考生
中央军委直属院校,国防科技大学,1953,湖南长沙,本科、硕士、博士,985工程、211工程；招收高考生
陆军,陆军指挥学院,1952,江苏南京,硕士、博士,限解放军和武警部队在职军（警）官报考
陆军,陆军工程大学,1973,,专科、本科、硕士、博士,招收高考生
陆军,陆军步兵学院,1949,江西南昌,本科、硕士,招收高考生
陆军,陆军兵种大学,2025,安徽合肥,本科、硕士、博士,招收高考生
陆军,陆军航空兵学院,1999,北京,硕士,初级任职教育院校
陆军,陆军特种作战学院,1949,广西桂林,本科、硕士,招收高考生
陆军,陆军边海防学院,1941,陕西西安,本科,招收高考生
陆军,陆军防化学院,1950,北京,本科、硕士、博士,招收高考生
陆军,陆军军医大学,1954,重庆,本科、硕士、博士,招收高考生
海军,海军指挥学院,1952,江苏南京,硕士、博士,
海军,海军工程大学,1949,湖北武汉,本科、硕士、博士,招收高考生
海军,海军大连舰艇学院,1949,辽宁大连,本科、硕士、博士,招收高考生
海军,海军潜艇学院,1973,山东青岛,本科、硕士、博士,招收高考生
海军,海军航空大学,1950,山东烟台,本科、硕士、博士,招收高考生
海军,海军军医大学,1949,上海,本科、硕士、博士,招收高考生
海军,海军勤务学院,1952,天津,硕士,初级任职教育院校
海军,海军士官学校,1986,安徽蚌埠,专科、专升本,专科院校
空军,空军指挥学院,1958,北京,硕士、博士,
空军,空军工程大学,1959,陕西西安,本科、硕士、博士,招收高考生
空军,空军航空大学,1978,吉林长春,本科、硕士、博士,招收高考生
空军,空军预警学院,1952,湖北武汉,本科、硕士、博士,招收高考生
空军,空军哈尔滨飞行学院,1949,黑龙江哈尔滨,,初级任职教育院校
空军,空军石家庄飞行学院,1949,河北石家庄,,初级任职教育院校
空军,空军西安飞行学院,1949,陕西西安,,初级任职教育院校
空军,空军军医大学,1952,陕西西安,本科、硕士、博士,招收高考生
空军,空军勤务学院,1954,江苏徐州,硕士,
空军,空军通信士官学校,1986,辽宁大连,专科,专科院校
火箭军,火箭军指挥学院,1977,湖北武汉,硕士、博士,
火箭军,火箭军工程大学,1951,陕西西安,本科、硕士、博士,招收高考生
火箭军,火箭军士官学校,1971,山东潍坊,专科,专科院校
军事航天部队,军事航天部队航天工程大学,1978,北京,本科、硕士、博士,招收高考生
网络空间部队,网络空间部队信息工程大学,1931,河南郑州,本科、硕士、博士,招收高考生
信息支援部队,信息支援部队工程大学,2025,湖北武汉,本科,招收高考生
联勤保障部队,中国人民解放军医学院,1953,北京,硕士、博士,招收硕士、博士研究生与规培教育
联勤保障部队,联勤保障部队工程大学,2025,重庆,本科,招收高考生
武警,中国人民武装警察部队指挥学院,1980,天津,硕士,
武警,中国人民武装警察部队工程大学,1983,陕西西安,本科、硕士、博士,招收高考生
武警,中国人民武装警察部队警官学院,1984,四川成都,本科,招收高考生
武警,中国人民武装警察部队特种警察学院,1982,北京,本科,招收高考生
武警,中国人民武装警察部队后勤学院,1980,天津,硕士,
武警,中国人民武装警察部队士官学校,1984,浙江杭州,,
武警,中国人民武装警察部队海警学院,1983,浙江宁波,本科,招收高考生
